detector,data_mode,family,variant,method,features,val_auc_sampled,val_r@10,r@1,r@5,r@10,r@50,r@100,r@500,median_true_rank,mrr,sky_sigma_rad,sky_val_mean_angular_error_rad,sky_val_median_angular_error_rad,train_s,mean_epoch_s,total_s_so_far,train_examples,train_positive,valid
ET,pure,SIS,waveform_only,ep50_inceptiontime_bandpass_direct_retrieval,waveform_embedding_cosine_similarity,,0.985,0.9583333333333334,0.9786666666666667,0.983,0.9936666666666667,0.9963333333333333,0.998,1.0,0.9678197956158325,1.5841219425201416,1.591567039489746,1.5841219425201416,308.3740986296907,6.167159044891596,344.5670611457899,,,
ET,pure,SIS,delta_time_only,ep50_inceptiontime_bandpass_catalog_hgb_rerank,"log1p_delta_time_obs,waveform_score,waveform_reciprocal_rank",0.9999240195555555,,0.8483333333333334,0.9856666666666667,0.9936666666666667,0.9953333333333333,0.9963333333333333,0.9996666666666667,1.0,,1.5841219425201416,1.591567039489746,1.5841219425201416,308.3740986296907,6.167159044891596,422.2138691600412,1503000.0,3000.0,3000.0
ET,pure,SIS,delta_time_plus_true_sky_sep,ep50_inceptiontime_bandpass_catalog_hgb_rerank,"log1p_delta_time_obs,oracle_sky_sep_from_ra_dec,waveform_score,waveform_reciprocal_rank",0.9999991996666667,,0.9983333333333333,0.9993333333333333,0.9993333333333333,0.9993333333333333,0.9993333333333333,0.9993333333333333,1.0,,1.5841219425201416,1.591567039489746,1.5841219425201416,308.3740986296907,6.167159044891596,455.90921190660447,1503000.0,3000.0,3000.0
ET,pure,SIS,delta_time_plus_true_sky_overlap,ep50_inceptiontime_bandpass_catalog_hgb_rerank,"log1p_delta_time_obs,oracle_log_sky_overlap_from_ra_dec,waveform_score,waveform_reciprocal_rank",0.9999996153333334,,0.9986666666666667,0.9993333333333333,0.9993333333333333,0.9993333333333333,0.9993333333333333,0.9993333333333333,1.0,,1.5841219425201416,1.591567039489746,1.5841219425201416,308.3740986296907,6.167159044891596,500.72653777711093,1503000.0,3000.0,3000.0
ET,pure,SIS,delta_time_plus_predicted_sky_overlap,ep50_inceptiontime_bandpass_catalog_hgb_rerank,"log1p_delta_time_obs,predicted_log_sky_overlap_from_waveform_sky_model,waveform_score,waveform_reciprocal_rank",0.999936237888889,,0.908,0.9843333333333333,0.9936666666666667,0.9956666666666667,0.9973333333333333,0.9996666666666667,1.0,,1.5841219425201416,1.591567039489746,1.5841219425201416,308.3740986296907,6.167159044891596,552.7445766581222,1503000.0,3000.0,3000.0
ET,noisy,SIS,waveform_only,ep50_inceptiontime_bandpass_direct_retrieval,waveform_embedding_cosine_similarity,,0.682,0.4053333333333333,0.579,0.6533333333333333,0.7896666666666666,0.8353333333333334,0.9146666666666666,3.0,0.48707950870900696,1.5581082105636597,1.5515538454055786,1.5581082105636597,305.71369214355946,6.113963096179068,344.58262710180134,,,
ET,noisy,SIS,delta_time_only,ep50_inceptiontime_bandpass_catalog_hgb_rerank,"log1p_delta_time_obs,waveform_score,waveform_reciprocal_rank",0.9978810685555556,,0.5266666666666666,0.7253333333333334,0.7883333333333333,0.8723333333333333,0.9066666666666666,0.9726666666666667,1.0,,1.5581082105636597,1.5515538454055786,1.5581082105636597,305.71369214355946,6.113963096179068,484.7924294769764,1503000.0,3000.0,3000.0
ET,noisy,SIS,delta_time_plus_true_sky_sep,ep50_inceptiontime_bandpass_catalog_hgb_rerank,"log1p_delta_time_obs,oracle_sky_sep_from_ra_dec,waveform_score,waveform_reciprocal_rank",0.99998699,,0.9563333333333334,0.9953333333333333,0.9993333333333333,0.9993333333333333,0.9993333333333333,0.9993333333333333,1.0,,1.5581082105636597,1.5515538454055786,1.5581082105636597,305.71369214355946,6.113963096179068,531.0382976252586,1503000.0,3000.0,3000.0
ET,noisy,SIS,delta_time_plus_true_sky_overlap,ep50_inceptiontime_bandpass_catalog_hgb_rerank,"log1p_delta_time_obs,oracle_log_sky_overlap_from_ra_dec,waveform_score,waveform_reciprocal_rank",0.9999929306666668,,0.9553333333333334,0.9976666666666667,1.0,1.0,1.0,1.0,1.0,,1.5581082105636597,1.5515538454055786,1.5581082105636597,305.71369214355946,6.113963096179068,592.8047204203904,1503000.0,3000.0,3000.0
ET,noisy,SIS,delta_time_plus_predicted_sky_overlap,ep50_inceptiontime_bandpass_catalog_hgb_rerank,"log1p_delta_time_obs,predicted_log_sky_overlap_from_waveform_sky_model,waveform_score,waveform_reciprocal_rank",0.9980053572222222,,0.5193333333333333,0.7153333333333334,0.7733333333333333,0.8736666666666667,0.9073333333333333,0.9723333333333334,1.0,,1.5581082105636597,1.5515538454055786,1.5581082105636597,305.71369214355946,6.113963096179068,725.6470526475459,1503000.0,3000.0,3000.0
LIGO,pure,SIS,waveform_only,ep50_inceptiontime_bandpass_direct_retrieval,waveform_embedding_cosine_similarity,,0.991,0.9476666666666667,0.9846666666666667,0.9883333333333333,0.9963333333333333,0.999,0.9996666666666667,1.0,0.963608304968084,1.5460455417633057,1.5518271923065186,1.5460455417633057,337.1991802714765,6.7435516525805,398.84276487026364,,,
LIGO,pure,SIS,delta_time_only,ep50_inceptiontime_bandpass_catalog_hgb_rerank,"log1p_delta_time_obs,waveform_score,waveform_reciprocal_rank",0.9999030863333335,,0.9053333333333333,0.9853333333333333,0.994,0.998,0.999,0.999,1.0,,1.5460455417633057,1.5518271923065186,1.5460455417633057,337.1991802714765,6.7435516525805,440.2373077562079,1503000.0,3000.0,3000.0
LIGO,pure,SIS,delta_time_plus_true_sky_sep,ep50_inceptiontime_bandpass_catalog_hgb_rerank,"log1p_delta_time_obs,oracle_sky_sep_from_ra_dec,waveform_score,waveform_reciprocal_rank",0.9999999991111111,,0.9973333333333333,0.998,0.998,0.998,0.998,0.998,1.0,,1.5460455417633057,1.5518271923065186,1.5460455417633057,337.1991802714765,6.7435516525805,538.0456266151741,1503000.0,3000.0,3000.0
LIGO,pure,SIS,delta_time_plus_true_sky_overlap,ep50_inceptiontime_bandpass_catalog_hgb_rerank,"log1p_delta_time_obs,oracle_log_sky_overlap_from_ra_dec,waveform_score,waveform_reciprocal_rank",1.0,,0.997,0.998,0.9986666666666667,0.999,0.999,0.999,1.0,,1.5460455417633057,1.5518271923065186,1.5460455417633057,337.1991802714765,6.7435516525805,638.5876123122871,1503000.0,3000.0,3000.0
LIGO,pure,SIS,delta_time_plus_predicted_sky_overlap,ep50_inceptiontime_bandpass_catalog_hgb_rerank,"log1p_delta_time_obs,predicted_log_sky_overlap_from_waveform_sky_model,waveform_score,waveform_reciprocal_rank",0.9999608921111113,,0.8803333333333333,0.9883333333333333,0.994,0.997,0.998,0.9993333333333333,1.0,,1.5460455417633057,1.5518271923065186,1.5460455417633057,337.1991802714765,6.7435516525805,693.4261140748858,1503000.0,3000.0,3000.0
LIGO,noisy,SIS,waveform_only,ep50_inceptiontime_bandpass_direct_retrieval,waveform_embedding_cosine_similarity,,0.035,0.010666666666666666,0.025666666666666667,0.03866666666666667,0.101,0.15066666666666667,0.344,1171.5,0.02191405901618909,1.5352531671524048,1.5459765195846558,1.5352531671524048,337.62048890814185,6.751954642049968,396.0206720577553,,,
LIGO,noisy,SIS,delta_time_only,ep50_inceptiontime_bandpass_catalog_hgb_rerank,"log1p_delta_time_obs,waveform_score,waveform_reciprocal_rank",0.9630426215555556,,0.08733333333333333,0.184,0.24766666666666667,0.43066666666666664,0.5483333333333333,0.8433333333333334,74.0,,1.5352531671524048,1.5459765195846558,1.5352531671524048,337.62048890814185,6.751954642049968,477.7242298750207,1503000.0,3000.0,3000.0
LIGO,noisy,SIS,delta_time_plus_true_sky_sep,ep50_inceptiontime_bandpass_catalog_hgb_rerank,"log1p_delta_time_obs,oracle_sky_sep_from_ra_dec,waveform_score,waveform_reciprocal_rank",0.9998901949999999,,0.799,0.9773333333333334,0.9983333333333333,0.9993333333333333,0.9993333333333333,0.9993333333333333,1.0,,1.5352531671524048,1.5459765195846558,1.5352531671524048,337.62048890814185,6.751954642049968,517.9425535406917,1503000.0,3000.0,3000.0
LIGO,noisy,SIS,delta_time_plus_true_sky_overlap,ep50_inceptiontime_bandpass_catalog_hgb_rerank,"log1p_delta_time_obs,oracle_log_sky_overlap_from_ra_dec,waveform_score,waveform_reciprocal_rank",0.999913763111111,,0.7873333333333333,0.981,0.999,0.9993333333333333,0.9993333333333333,0.9993333333333333,1.0,,1.5352531671524048,1.5459765195846558,1.5352531671524048,337.62048890814185,6.751954642049968,571.7386999474838,1503000.0,3000.0,3000.0
LIGO,noisy,SIS,delta_time_plus_predicted_sky_overlap,ep50_inceptiontime_bandpass_catalog_hgb_rerank,"log1p_delta_time_obs,predicted_log_sky_overlap_from_waveform_sky_model,waveform_score,waveform_reciprocal_rank",0.9734263092222223,,0.08066666666666666,0.174,0.22933333333333333,0.42733333333333334,0.523,0.816,86.0,,1.5352531671524048,1.5459765195846558,1.5352531671524048,337.62048890814185,6.751954642049968,711.3958842605352,1503000.0,3000.0,3000.0
