detector,data_mode,stage,variant,subset,catalog,candidate_kind,query_total,catalog_total,sis_lensed_images,sis_unlensed,pm_lensed_images,pm_unlensed,total_lensed_images,total_unlensed,epochs,backbone,preprocess,liao_label,liao_delay_count,observed_sky_label,a90_ref_deg2,test_a90_median_deg2,test_a90_p90_deg2,weight_grid,sky_scenario,component_keys,val_selected_r@1,val_selected_r@5,val_selected_r@10,lambda_waveform,valid,r@1,r@5,r@10,r@50,r@100,r@500,median_true_rank,top_1pct_k,top_1pct,top_5pct_k,top_5pct,top_10pct_k,top_10pct,lambda_raw_time,lambda_liao_time_lr,lambda_observed_sky_step,lambda_observed_sky_log_overlap
LIGO,noisy,stage7_modality_combinations,waveform_only,overall,fresh50_mixed_SIS_PM_unlensed_full_catalog,full_catalog,6000,9000,3000,1500,3000,1500,6000,3000,50,inceptiontime,bandpass,GW-LMC 2.5PLUS BBH Any_Detected_SNR1,4498,LIGO H1+L1 network A90 approximation,100.0,395.48290145271517,500.0,"[0.25, 0.5, 1.0, 2.0, 4.0]",LIGO_HL,waveform,0.006833333333333334,0.016666666666666666,0.024,1.0,6000,0.004,0.0145,0.0235,0.06533333333333333,0.096,0.22816666666666666,2431.0,90,0.09,450,0.21633333333333332,900,0.30533333333333335,,,,
LIGO,noisy,stage7_modality_combinations,waveform_only,SIS,fresh50_mixed_SIS_PM_unlensed_full_catalog,full_catalog,6000,9000,3000,1500,3000,1500,6000,3000,50,inceptiontime,bandpass,GW-LMC 2.5PLUS BBH Any_Detected_SNR1,4498,LIGO H1+L1 network A90 approximation,100.0,395.48290145271517,500.0,"[0.25, 0.5, 1.0, 2.0, 4.0]",LIGO_HL,waveform,0.006833333333333334,0.016666666666666666,0.024,1.0,3000,0.004333333333333333,0.015,0.025666666666666667,0.07333333333333333,0.10766666666666666,0.2653333333333333,2026.0,90,0.10333333333333333,450,0.25233333333333335,900,0.3536666666666667,,,,
LIGO,noisy,stage7_modality_combinations,waveform_only,PM,fresh50_mixed_SIS_PM_unlensed_full_catalog,full_catalog,6000,9000,3000,1500,3000,1500,6000,3000,50,inceptiontime,bandpass,GW-LMC 2.5PLUS BBH Any_Detected_SNR1,4498,LIGO H1+L1 network A90 approximation,100.0,395.48290145271517,500.0,"[0.25, 0.5, 1.0, 2.0, 4.0]",LIGO_HL,waveform,0.006833333333333334,0.016666666666666666,0.024,1.0,3000,0.0036666666666666666,0.014,0.021333333333333333,0.05733333333333333,0.08433333333333333,0.191,2875.0,90,0.07666666666666666,450,0.18033333333333335,900,0.257,,,,
LIGO,noisy,stage7_modality_combinations,waveform_only,macro,fresh50_mixed_SIS_PM_unlensed_full_catalog,full_catalog,6000,9000,3000,1500,3000,1500,6000,3000,50,inceptiontime,bandpass,GW-LMC 2.5PLUS BBH Any_Detected_SNR1,4498,LIGO H1+L1 network A90 approximation,100.0,395.48290145271517,500.0,"[0.25, 0.5, 1.0, 2.0, 4.0]",LIGO_HL,waveform,0.006833333333333334,0.016666666666666666,0.024,1.0,6000,0.004,0.014499999999999999,0.0235,0.06533333333333333,0.096,0.22816666666666666,2450.5,90,0.09,450,0.21633333333333335,900,0.30533333333333335,,,,
LIGO,noisy,stage7_modality_combinations,raw_time_only,overall,fresh50_mixed_SIS_PM_unlensed_full_catalog,full_catalog,6000,9000,3000,1500,3000,1500,6000,3000,50,inceptiontime,bandpass,GW-LMC 2.5PLUS BBH Any_Detected_SNR1,4498,LIGO H1+L1 network A90 approximation,100.0,395.48290145271517,500.0,"[0.25, 0.5, 1.0, 2.0, 4.0]",LIGO_HL,raw_time,0.14033333333333334,0.4075,0.5303333333333333,,6000,0.1365,0.4116666666666667,0.5308333333333334,0.6331666666666667,0.6896666666666667,0.8473333333333334,9.0,90,0.6778333333333333,450,0.8386666666666667,900,0.9093333333333333,1.0,,,
LIGO,noisy,stage7_modality_combinations,raw_time_only,SIS,fresh50_mixed_SIS_PM_unlensed_full_catalog,full_catalog,6000,9000,3000,1500,3000,1500,6000,3000,50,inceptiontime,bandpass,GW-LMC 2.5PLUS BBH Any_Detected_SNR1,4498,LIGO H1+L1 network A90 approximation,100.0,395.48290145271517,500.0,"[0.25, 0.5, 1.0, 2.0, 4.0]",LIGO_HL,raw_time,0.14033333333333334,0.4075,0.5303333333333333,,3000,0.009333333333333334,0.053,0.10266666666666667,0.2663333333333333,0.37933333333333336,0.6946666666666667,188.0,90,0.3556666666666667,450,0.6773333333333333,900,0.8186666666666667,1.0,,,
LIGO,noisy,stage7_modality_combinations,raw_time_only,PM,fresh50_mixed_SIS_PM_unlensed_full_catalog,full_catalog,6000,9000,3000,1500,3000,1500,6000,3000,50,inceptiontime,bandpass,GW-LMC 2.5PLUS BBH Any_Detected_SNR1,4498,LIGO H1+L1 network A90 approximation,100.0,395.48290145271517,500.0,"[0.25, 0.5, 1.0, 2.0, 4.0]",LIGO_HL,raw_time,0.14033333333333334,0.4075,0.5303333333333333,,3000,0.26366666666666666,0.7703333333333333,0.959,1.0,1.0,1.0,3.0,90,1.0,450,1.0,900,1.0,1.0,,,
LIGO,noisy,stage7_modality_combinations,raw_time_only,macro,fresh50_mixed_SIS_PM_unlensed_full_catalog,full_catalog,6000,9000,3000,1500,3000,1500,6000,3000,50,inceptiontime,bandpass,GW-LMC 2.5PLUS BBH Any_Detected_SNR1,4498,LIGO H1+L1 network A90 approximation,100.0,395.48290145271517,500.0,"[0.25, 0.5, 1.0, 2.0, 4.0]",LIGO_HL,raw_time,0.14033333333333334,0.4075,0.5303333333333333,,6000,0.1365,0.4116666666666667,0.5308333333333333,0.6331666666666667,0.6896666666666667,0.8473333333333333,95.5,90,0.6778333333333333,450,0.8386666666666667,900,0.9093333333333333,1.0,,,
LIGO,noisy,stage7_modality_combinations,liao_time_lr_only,overall,fresh50_mixed_SIS_PM_unlensed_full_catalog,full_catalog,6000,9000,3000,1500,3000,1500,6000,3000,50,inceptiontime,bandpass,GW-LMC 2.5PLUS BBH Any_Detected_SNR1,4498,LIGO H1+L1 network A90 approximation,100.0,395.48290145271517,500.0,"[0.25, 0.5, 1.0, 2.0, 4.0]",LIGO_HL,liao_time_lr,0.14883333333333335,0.4085,0.5225,,6000,0.1445,0.4126666666666667,0.5273333333333333,0.6398333333333334,0.6941666666666667,0.854,9.0,90,0.686,450,0.8396666666666667,900,0.9168333333333333,,1.0,,
LIGO,noisy,stage7_modality_combinations,liao_time_lr_only,SIS,fresh50_mixed_SIS_PM_unlensed_full_catalog,full_catalog,6000,9000,3000,1500,3000,1500,6000,3000,50,inceptiontime,bandpass,GW-LMC 2.5PLUS BBH Any_Detected_SNR1,4498,LIGO H1+L1 network A90 approximation,100.0,395.48290145271517,500.0,"[0.25, 0.5, 1.0, 2.0, 4.0]",LIGO_HL,liao_time_lr,0.14883333333333335,0.4085,0.5225,,3000,0.011333333333333334,0.057666666666666665,0.11066666666666666,0.2796666666666667,0.3883333333333333,0.708,176.0,90,0.372,450,0.6793333333333333,900,0.8336666666666667,,1.0,,
LIGO,noisy,stage7_modality_combinations,liao_time_lr_only,PM,fresh50_mixed_SIS_PM_unlensed_full_catalog,full_catalog,6000,9000,3000,1500,3000,1500,6000,3000,50,inceptiontime,bandpass,GW-LMC 2.5PLUS BBH Any_Detected_SNR1,4498,LIGO H1+L1 network A90 approximation,100.0,395.48290145271517,500.0,"[0.25, 0.5, 1.0, 2.0, 4.0]",LIGO_HL,liao_time_lr,0.14883333333333335,0.4085,0.5225,,3000,0.2776666666666667,0.7676666666666667,0.944,1.0,1.0,1.0,3.0,90,1.0,450,1.0,900,1.0,,1.0,,
LIGO,noisy,stage7_modality_combinations,liao_time_lr_only,macro,fresh50_mixed_SIS_PM_unlensed_full_catalog,full_catalog,6000,9000,3000,1500,3000,1500,6000,3000,50,inceptiontime,bandpass,GW-LMC 2.5PLUS BBH Any_Detected_SNR1,4498,LIGO H1+L1 network A90 approximation,100.0,395.48290145271517,500.0,"[0.25, 0.5, 1.0, 2.0, 4.0]",LIGO_HL,liao_time_lr,0.14883333333333335,0.4085,0.5225,,6000,0.14450000000000002,0.4126666666666667,0.5273333333333333,0.6398333333333334,0.6941666666666666,0.854,89.5,90,0.6859999999999999,450,0.8396666666666667,900,0.9168333333333334,,1.0,,
LIGO,noisy,stage7_modality_combinations,observed_sky_step_only,overall,fresh50_mixed_SIS_PM_unlensed_full_catalog,full_catalog,6000,9000,3000,1500,3000,1500,6000,3000,50,inceptiontime,bandpass,GW-LMC 2.5PLUS BBH Any_Detected_SNR1,4498,LIGO H1+L1 network A90 approximation,100.0,395.48290145271517,500.0,"[0.25, 0.5, 1.0, 2.0, 4.0]",LIGO_HL,observed_sky_step,0.5053333333333333,0.5053333333333333,0.5056666666666667,,6000,0.512,0.512,0.512,0.8031666666666667,0.9406666666666667,1.0,1.0,90,0.9336666666666666,450,1.0,900,1.0,,,1.0,
LIGO,noisy,stage7_modality_combinations,observed_sky_step_only,SIS,fresh50_mixed_SIS_PM_unlensed_full_catalog,full_catalog,6000,9000,3000,1500,3000,1500,6000,3000,50,inceptiontime,bandpass,GW-LMC 2.5PLUS BBH Any_Detected_SNR1,4498,LIGO H1+L1 network A90 approximation,100.0,395.48290145271517,500.0,"[0.25, 0.5, 1.0, 2.0, 4.0]",LIGO_HL,observed_sky_step,0.5053333333333333,0.5053333333333333,0.5056666666666667,,3000,0.5046666666666667,0.5046666666666667,0.5046666666666667,0.811,0.9433333333333334,1.0,1.0,90,0.9346666666666666,450,1.0,900,1.0,,,1.0,
LIGO,noisy,stage7_modality_combinations,observed_sky_step_only,PM,fresh50_mixed_SIS_PM_unlensed_full_catalog,full_catalog,6000,9000,3000,1500,3000,1500,6000,3000,50,inceptiontime,bandpass,GW-LMC 2.5PLUS BBH Any_Detected_SNR1,4498,LIGO H1+L1 network A90 approximation,100.0,395.48290145271517,500.0,"[0.25, 0.5, 1.0, 2.0, 4.0]",LIGO_HL,observed_sky_step,0.5053333333333333,0.5053333333333333,0.5056666666666667,,3000,0.5193333333333333,0.5193333333333333,0.5193333333333333,0.7953333333333333,0.938,1.0,1.0,90,0.9326666666666666,450,1.0,900,1.0,,,1.0,
LIGO,noisy,stage7_modality_combinations,observed_sky_step_only,macro,fresh50_mixed_SIS_PM_unlensed_full_catalog,full_catalog,6000,9000,3000,1500,3000,1500,6000,3000,50,inceptiontime,bandpass,GW-LMC 2.5PLUS BBH Any_Detected_SNR1,4498,LIGO H1+L1 network A90 approximation,100.0,395.48290145271517,500.0,"[0.25, 0.5, 1.0, 2.0, 4.0]",LIGO_HL,observed_sky_step,0.5053333333333333,0.5053333333333333,0.5056666666666667,,6000,0.512,0.512,0.512,0.8031666666666667,0.9406666666666667,1.0,1.0,90,0.9336666666666666,450,1.0,900,1.0,,,1.0,
LIGO,noisy,stage7_modality_combinations,observed_sky_log_overlap_only,overall,fresh50_mixed_SIS_PM_unlensed_full_catalog,full_catalog,6000,9000,3000,1500,3000,1500,6000,3000,50,inceptiontime,bandpass,GW-LMC 2.5PLUS BBH Any_Detected_SNR1,4498,LIGO H1+L1 network A90 approximation,100.0,395.48290145271517,500.0,"[0.25, 0.5, 1.0, 2.0, 4.0]",LIGO_HL,observed_sky_log_overlap,0.12866666666666668,0.2743333333333333,0.36666666666666664,,6000,0.13333333333333333,0.27516666666666667,0.3616666666666667,0.6876666666666666,0.8575,1.0,25.0,90,0.8353333333333334,450,1.0,900,1.0,,,,1.0
LIGO,noisy,stage7_modality_combinations,observed_sky_log_overlap_only,SIS,fresh50_mixed_SIS_PM_unlensed_full_catalog,full_catalog,6000,9000,3000,1500,3000,1500,6000,3000,50,inceptiontime,bandpass,GW-LMC 2.5PLUS BBH Any_Detected_SNR1,4498,LIGO H1+L1 network A90 approximation,100.0,395.48290145271517,500.0,"[0.25, 0.5, 1.0, 2.0, 4.0]",LIGO_HL,observed_sky_log_overlap,0.12866666666666668,0.2743333333333333,0.36666666666666664,,3000,0.162,0.32166666666666666,0.41633333333333333,0.713,0.8703333333333333,1.0,19.0,90,0.8516666666666667,450,1.0,900,1.0,,,,1.0
LIGO,noisy,stage7_modality_combinations,observed_sky_log_overlap_only,PM,fresh50_mixed_SIS_PM_unlensed_full_catalog,full_catalog,6000,9000,3000,1500,3000,1500,6000,3000,50,inceptiontime,bandpass,GW-LMC 2.5PLUS BBH Any_Detected_SNR1,4498,LIGO H1+L1 network A90 approximation,100.0,395.48290145271517,500.0,"[0.25, 0.5, 1.0, 2.0, 4.0]",LIGO_HL,observed_sky_log_overlap,0.12866666666666668,0.2743333333333333,0.36666666666666664,,3000,0.10466666666666667,0.22866666666666666,0.307,0.6623333333333333,0.8446666666666667,1.0,29.0,90,0.819,450,1.0,900,1.0,,,,1.0
LIGO,noisy,stage7_modality_combinations,observed_sky_log_overlap_only,macro,fresh50_mixed_SIS_PM_unlensed_full_catalog,full_catalog,6000,9000,3000,1500,3000,1500,6000,3000,50,inceptiontime,bandpass,GW-LMC 2.5PLUS BBH Any_Detected_SNR1,4498,LIGO H1+L1 network A90 approximation,100.0,395.48290145271517,500.0,"[0.25, 0.5, 1.0, 2.0, 4.0]",LIGO_HL,observed_sky_log_overlap,0.12866666666666668,0.2743333333333333,0.36666666666666664,,6000,0.13333333333333333,0.27516666666666667,0.3616666666666667,0.6876666666666666,0.8574999999999999,1.0,24.0,90,0.8353333333333333,450,1.0,900,1.0,,,,1.0
LIGO,noisy,stage7_modality_combinations,waveform_plus_raw_time,overall,fresh50_mixed_SIS_PM_unlensed_full_catalog,full_catalog,6000,9000,3000,1500,3000,1500,6000,3000,50,inceptiontime,bandpass,GW-LMC 2.5PLUS BBH Any_Detected_SNR1,4498,LIGO H1+L1 network A90 approximation,100.0,395.48290145271517,500.0,"[0.25, 0.5, 1.0, 2.0, 4.0]",LIGO_HL,"waveform,raw_time",0.18083333333333335,0.4181666666666667,0.5335,1.0,6000,0.18933333333333333,0.419,0.5293333333333333,0.6545,0.709,0.8633333333333333,9.0,90,0.7005,450,0.8525,900,0.9178333333333333,4.0,,,
LIGO,noisy,stage7_modality_combinations,waveform_plus_raw_time,SIS,fresh50_mixed_SIS_PM_unlensed_full_catalog,full_catalog,6000,9000,3000,1500,3000,1500,6000,3000,50,inceptiontime,bandpass,GW-LMC 2.5PLUS BBH Any_Detected_SNR1,4498,LIGO H1+L1 network A90 approximation,100.0,395.48290145271517,500.0,"[0.25, 0.5, 1.0, 2.0, 4.0]",LIGO_HL,"waveform,raw_time",0.18083333333333335,0.4181666666666667,0.5335,1.0,3000,0.033,0.08533333333333333,0.127,0.309,0.418,0.7266666666666667,156.5,90,0.401,450,0.705,900,0.8356666666666667,4.0,,,
LIGO,noisy,stage7_modality_combinations,waveform_plus_raw_time,PM,fresh50_mixed_SIS_PM_unlensed_full_catalog,full_catalog,6000,9000,3000,1500,3000,1500,6000,3000,50,inceptiontime,bandpass,GW-LMC 2.5PLUS BBH Any_Detected_SNR1,4498,LIGO H1+L1 network A90 approximation,100.0,395.48290145271517,500.0,"[0.25, 0.5, 1.0, 2.0, 4.0]",LIGO_HL,"waveform,raw_time",0.18083333333333335,0.4181666666666667,0.5335,1.0,3000,0.3456666666666667,0.7526666666666667,0.9316666666666666,1.0,1.0,1.0,3.0,90,1.0,450,1.0,900,1.0,4.0,,,
LIGO,noisy,stage7_modality_combinations,waveform_plus_raw_time,macro,fresh50_mixed_SIS_PM_unlensed_full_catalog,full_catalog,6000,9000,3000,1500,3000,1500,6000,3000,50,inceptiontime,bandpass,GW-LMC 2.5PLUS BBH Any_Detected_SNR1,4498,LIGO H1+L1 network A90 approximation,100.0,395.48290145271517,500.0,"[0.25, 0.5, 1.0, 2.0, 4.0]",LIGO_HL,"waveform,raw_time",0.18083333333333335,0.4181666666666667,0.5335,1.0,6000,0.18933333333333335,0.41900000000000004,0.5293333333333333,0.6545,0.709,0.8633333333333333,79.75,90,0.7005,450,0.8525,900,0.9178333333333333,4.0,,,
LIGO,noisy,stage7_modality_combinations,waveform_plus_liao_time_lr,overall,fresh50_mixed_SIS_PM_unlensed_full_catalog,full_catalog,6000,9000,3000,1500,3000,1500,6000,3000,50,inceptiontime,bandpass,GW-LMC 2.5PLUS BBH Any_Detected_SNR1,4498,LIGO H1+L1 network A90 approximation,100.0,395.48290145271517,500.0,"[0.25, 0.5, 1.0, 2.0, 4.0]",LIGO_HL,"waveform,liao_time_lr",0.16833333333333333,0.4053333333333333,0.5136666666666667,1.0,6000,0.1705,0.4071666666666667,0.5166666666666667,0.6695,0.7208333333333333,0.8635,9.0,90,0.7118333333333333,450,0.8515,900,0.9155,,4.0,,
LIGO,noisy,stage7_modality_combinations,waveform_plus_liao_time_lr,SIS,fresh50_mixed_SIS_PM_unlensed_full_catalog,full_catalog,6000,9000,3000,1500,3000,1500,6000,3000,50,inceptiontime,bandpass,GW-LMC 2.5PLUS BBH Any_Detected_SNR1,4498,LIGO H1+L1 network A90 approximation,100.0,395.48290145271517,500.0,"[0.25, 0.5, 1.0, 2.0, 4.0]",LIGO_HL,"waveform,liao_time_lr",0.16833333333333333,0.4053333333333333,0.5136666666666667,1.0,3000,0.028,0.089,0.14933333333333335,0.34,0.44166666666666665,0.727,144.0,90,0.4236666666666667,450,0.703,900,0.831,,4.0,,
LIGO,noisy,stage7_modality_combinations,waveform_plus_liao_time_lr,PM,fresh50_mixed_SIS_PM_unlensed_full_catalog,full_catalog,6000,9000,3000,1500,3000,1500,6000,3000,50,inceptiontime,bandpass,GW-LMC 2.5PLUS BBH Any_Detected_SNR1,4498,LIGO H1+L1 network A90 approximation,100.0,395.48290145271517,500.0,"[0.25, 0.5, 1.0, 2.0, 4.0]",LIGO_HL,"waveform,liao_time_lr",0.16833333333333333,0.4053333333333333,0.5136666666666667,1.0,3000,0.313,0.7253333333333334,0.884,0.999,1.0,1.0,3.0,90,1.0,450,1.0,900,1.0,,4.0,,
LIGO,noisy,stage7_modality_combinations,waveform_plus_liao_time_lr,macro,fresh50_mixed_SIS_PM_unlensed_full_catalog,full_catalog,6000,9000,3000,1500,3000,1500,6000,3000,50,inceptiontime,bandpass,GW-LMC 2.5PLUS BBH Any_Detected_SNR1,4498,LIGO H1+L1 network A90 approximation,100.0,395.48290145271517,500.0,"[0.25, 0.5, 1.0, 2.0, 4.0]",LIGO_HL,"waveform,liao_time_lr",0.16833333333333333,0.4053333333333333,0.5136666666666667,1.0,6000,0.1705,0.4071666666666667,0.5166666666666667,0.6695,0.7208333333333333,0.8634999999999999,73.5,90,0.7118333333333333,450,0.8514999999999999,900,0.9155,,4.0,,
LIGO,noisy,stage7_modality_combinations,waveform_plus_observed_sky_step,overall,fresh50_mixed_SIS_PM_unlensed_full_catalog,full_catalog,6000,9000,3000,1500,3000,1500,6000,3000,50,inceptiontime,bandpass,GW-LMC 2.5PLUS BBH Any_Detected_SNR1,4498,LIGO H1+L1 network A90 approximation,100.0,395.48290145271517,500.0,"[0.25, 0.5, 1.0, 2.0, 4.0]",LIGO_HL,"waveform,observed_sky_step",0.13366666666666666,0.24216666666666667,0.31066666666666665,1.0,6000,0.1415,0.25316666666666665,0.3115,0.5156666666666667,0.5831666666666667,0.737,45.0,90,0.5756666666666667,450,0.7265,900,0.8036666666666666,,,0.25,
LIGO,noisy,stage7_modality_combinations,waveform_plus_observed_sky_step,SIS,fresh50_mixed_SIS_PM_unlensed_full_catalog,full_catalog,6000,9000,3000,1500,3000,1500,6000,3000,50,inceptiontime,bandpass,GW-LMC 2.5PLUS BBH Any_Detected_SNR1,4498,LIGO H1+L1 network A90 approximation,100.0,395.48290145271517,500.0,"[0.25, 0.5, 1.0, 2.0, 4.0]",LIGO_HL,"waveform,observed_sky_step",0.13366666666666666,0.24216666666666667,0.31066666666666665,1.0,3000,0.16733333333333333,0.2956666666666667,0.3546666666666667,0.5656666666666667,0.628,0.762,31.0,90,0.621,450,0.752,900,0.824,,,0.25,
LIGO,noisy,stage7_modality_combinations,waveform_plus_observed_sky_step,PM,fresh50_mixed_SIS_PM_unlensed_full_catalog,full_catalog,6000,9000,3000,1500,3000,1500,6000,3000,50,inceptiontime,bandpass,GW-LMC 2.5PLUS BBH Any_Detected_SNR1,4498,LIGO H1+L1 network A90 approximation,100.0,395.48290145271517,500.0,"[0.25, 0.5, 1.0, 2.0, 4.0]",LIGO_HL,"waveform,observed_sky_step",0.13366666666666666,0.24216666666666667,0.31066666666666665,1.0,3000,0.11566666666666667,0.21066666666666667,0.2683333333333333,0.4656666666666667,0.5383333333333333,0.712,68.0,90,0.5303333333333333,450,0.701,900,0.7833333333333333,,,0.25,
LIGO,noisy,stage7_modality_combinations,waveform_plus_observed_sky_step,macro,fresh50_mixed_SIS_PM_unlensed_full_catalog,full_catalog,6000,9000,3000,1500,3000,1500,6000,3000,50,inceptiontime,bandpass,GW-LMC 2.5PLUS BBH Any_Detected_SNR1,4498,LIGO H1+L1 network A90 approximation,100.0,395.48290145271517,500.0,"[0.25, 0.5, 1.0, 2.0, 4.0]",LIGO_HL,"waveform,observed_sky_step",0.13366666666666666,0.24216666666666667,0.31066666666666665,1.0,6000,0.14150000000000001,0.25316666666666665,0.3115,0.5156666666666667,0.5831666666666666,0.737,49.5,90,0.5756666666666667,450,0.7264999999999999,900,0.8036666666666666,,,0.25,
LIGO,noisy,stage7_modality_combinations,waveform_plus_observed_sky_log_overlap,overall,fresh50_mixed_SIS_PM_unlensed_full_catalog,full_catalog,6000,9000,3000,1500,3000,1500,6000,3000,50,inceptiontime,bandpass,GW-LMC 2.5PLUS BBH Any_Detected_SNR1,4498,LIGO H1+L1 network A90 approximation,100.0,395.48290145271517,500.0,"[0.25, 0.5, 1.0, 2.0, 4.0]",LIGO_HL,"waveform,observed_sky_log_overlap",0.07,0.1315,0.16233333333333333,1.0,6000,0.064,0.13083333333333333,0.1675,0.276,0.3395,0.6095,291.0,90,0.3298333333333333,450,0.5845,900,0.7506666666666667,,,,4.0
LIGO,noisy,stage7_modality_combinations,waveform_plus_observed_sky_log_overlap,SIS,fresh50_mixed_SIS_PM_unlensed_full_catalog,full_catalog,6000,9000,3000,1500,3000,1500,6000,3000,50,inceptiontime,bandpass,GW-LMC 2.5PLUS BBH Any_Detected_SNR1,4498,LIGO H1+L1 network A90 approximation,100.0,395.48290145271517,500.0,"[0.25, 0.5, 1.0, 2.0, 4.0]",LIGO_HL,"waveform,observed_sky_log_overlap",0.07,0.1315,0.16233333333333333,1.0,3000,0.074,0.149,0.18966666666666668,0.31866666666666665,0.38966666666666666,0.6443333333333333,221.0,90,0.37966666666666665,450,0.618,900,0.7686666666666667,,,,4.0
LIGO,noisy,stage7_modality_combinations,waveform_plus_observed_sky_log_overlap,PM,fresh50_mixed_SIS_PM_unlensed_full_catalog,full_catalog,6000,9000,3000,1500,3000,1500,6000,3000,50,inceptiontime,bandpass,GW-LMC 2.5PLUS BBH Any_Detected_SNR1,4498,LIGO H1+L1 network A90 approximation,100.0,395.48290145271517,500.0,"[0.25, 0.5, 1.0, 2.0, 4.0]",LIGO_HL,"waveform,observed_sky_log_overlap",0.07,0.1315,0.16233333333333333,1.0,3000,0.054,0.11266666666666666,0.14533333333333334,0.23333333333333334,0.28933333333333333,0.5746666666666667,365.0,90,0.28,450,0.551,900,0.7326666666666667,,,,4.0
LIGO,noisy,stage7_modality_combinations,waveform_plus_observed_sky_log_overlap,macro,fresh50_mixed_SIS_PM_unlensed_full_catalog,full_catalog,6000,9000,3000,1500,3000,1500,6000,3000,50,inceptiontime,bandpass,GW-LMC 2.5PLUS BBH Any_Detected_SNR1,4498,LIGO H1+L1 network A90 approximation,100.0,395.48290145271517,500.0,"[0.25, 0.5, 1.0, 2.0, 4.0]",LIGO_HL,"waveform,observed_sky_log_overlap",0.07,0.1315,0.16233333333333333,1.0,6000,0.064,0.13083333333333333,0.1675,0.276,0.3395,0.6094999999999999,293.0,90,0.3298333333333333,450,0.5845,900,0.7506666666666667,,,,4.0
LIGO,noisy,stage7_modality_combinations,raw_time_plus_observed_sky_step,overall,fresh50_mixed_SIS_PM_unlensed_full_catalog,full_catalog,6000,9000,3000,1500,3000,1500,6000,3000,50,inceptiontime,bandpass,GW-LMC 2.5PLUS BBH Any_Detected_SNR1,4498,LIGO H1+L1 network A90 approximation,100.0,395.48290145271517,500.0,"[0.25, 0.5, 1.0, 2.0, 4.0]",LIGO_HL,"raw_time,observed_sky_step",0.584,0.786,0.838,,6000,0.5861666666666666,0.783,0.8328333333333333,0.9376666666666666,0.9688333333333333,0.9971666666666666,1.0,90,0.9646666666666667,450,0.9966666666666667,900,0.999,0.5,,0.25,
LIGO,noisy,stage7_modality_combinations,raw_time_plus_observed_sky_step,SIS,fresh50_mixed_SIS_PM_unlensed_full_catalog,full_catalog,6000,9000,3000,1500,3000,1500,6000,3000,50,inceptiontime,bandpass,GW-LMC 2.5PLUS BBH Any_Detected_SNR1,4498,LIGO H1+L1 network A90 approximation,100.0,395.48290145271517,500.0,"[0.25, 0.5, 1.0, 2.0, 4.0]",LIGO_HL,"raw_time,observed_sky_step",0.584,0.786,0.838,,3000,0.30833333333333335,0.5716666666666667,0.6676666666666666,0.8753333333333333,0.9376666666666666,0.9943333333333333,4.0,90,0.9293333333333333,450,0.9933333333333333,900,0.998,0.5,,0.25,
LIGO,noisy,stage7_modality_combinations,raw_time_plus_observed_sky_step,PM,fresh50_mixed_SIS_PM_unlensed_full_catalog,full_catalog,6000,9000,3000,1500,3000,1500,6000,3000,50,inceptiontime,bandpass,GW-LMC 2.5PLUS BBH Any_Detected_SNR1,4498,LIGO H1+L1 network A90 approximation,100.0,395.48290145271517,500.0,"[0.25, 0.5, 1.0, 2.0, 4.0]",LIGO_HL,"raw_time,observed_sky_step",0.584,0.786,0.838,,3000,0.864,0.9943333333333333,0.998,1.0,1.0,1.0,1.0,90,1.0,450,1.0,900,1.0,0.5,,0.25,
LIGO,noisy,stage7_modality_combinations,raw_time_plus_observed_sky_step,macro,fresh50_mixed_SIS_PM_unlensed_full_catalog,full_catalog,6000,9000,3000,1500,3000,1500,6000,3000,50,inceptiontime,bandpass,GW-LMC 2.5PLUS BBH Any_Detected_SNR1,4498,LIGO H1+L1 network A90 approximation,100.0,395.48290145271517,500.0,"[0.25, 0.5, 1.0, 2.0, 4.0]",LIGO_HL,"raw_time,observed_sky_step",0.584,0.786,0.838,,6000,0.5861666666666667,0.7829999999999999,0.8328333333333333,0.9376666666666666,0.9688333333333333,0.9971666666666666,2.5,90,0.9646666666666667,450,0.9966666666666666,900,0.999,0.5,,0.25,
LIGO,noisy,stage7_modality_combinations,raw_time_plus_observed_sky_log_overlap,overall,fresh50_mixed_SIS_PM_unlensed_full_catalog,full_catalog,6000,9000,3000,1500,3000,1500,6000,3000,50,inceptiontime,bandpass,GW-LMC 2.5PLUS BBH Any_Detected_SNR1,4498,LIGO H1+L1 network A90 approximation,100.0,395.48290145271517,500.0,"[0.25, 0.5, 1.0, 2.0, 4.0]",LIGO_HL,"raw_time,observed_sky_log_overlap",0.5535,0.6828333333333333,0.7378333333333333,,6000,0.5538333333333333,0.6741666666666667,0.7278333333333333,0.8955,0.9586666666666667,1.0,1.0,90,0.9501666666666667,450,1.0,900,1.0,0.25,,,4.0
LIGO,noisy,stage7_modality_combinations,raw_time_plus_observed_sky_log_overlap,SIS,fresh50_mixed_SIS_PM_unlensed_full_catalog,full_catalog,6000,9000,3000,1500,3000,1500,6000,3000,50,inceptiontime,bandpass,GW-LMC 2.5PLUS BBH Any_Detected_SNR1,4498,LIGO H1+L1 network A90 approximation,100.0,395.48290145271517,500.0,"[0.25, 0.5, 1.0, 2.0, 4.0]",LIGO_HL,"raw_time,observed_sky_log_overlap",0.5535,0.6828333333333333,0.7378333333333333,,3000,0.162,0.34833333333333333,0.45566666666666666,0.791,0.9173333333333333,1.0,13.0,90,0.9003333333333333,450,1.0,900,1.0,0.25,,,4.0
LIGO,noisy,stage7_modality_combinations,raw_time_plus_observed_sky_log_overlap,PM,fresh50_mixed_SIS_PM_unlensed_full_catalog,full_catalog,6000,9000,3000,1500,3000,1500,6000,3000,50,inceptiontime,bandpass,GW-LMC 2.5PLUS BBH Any_Detected_SNR1,4498,LIGO H1+L1 network A90 approximation,100.0,395.48290145271517,500.0,"[0.25, 0.5, 1.0, 2.0, 4.0]",LIGO_HL,"raw_time,observed_sky_log_overlap",0.5535,0.6828333333333333,0.7378333333333333,,3000,0.9456666666666667,1.0,1.0,1.0,1.0,1.0,1.0,90,1.0,450,1.0,900,1.0,0.25,,,4.0
LIGO,noisy,stage7_modality_combinations,raw_time_plus_observed_sky_log_overlap,macro,fresh50_mixed_SIS_PM_unlensed_full_catalog,full_catalog,6000,9000,3000,1500,3000,1500,6000,3000,50,inceptiontime,bandpass,GW-LMC 2.5PLUS BBH Any_Detected_SNR1,4498,LIGO H1+L1 network A90 approximation,100.0,395.48290145271517,500.0,"[0.25, 0.5, 1.0, 2.0, 4.0]",LIGO_HL,"raw_time,observed_sky_log_overlap",0.5535,0.6828333333333333,0.7378333333333333,,6000,0.5538333333333333,0.6741666666666667,0.7278333333333333,0.8955,0.9586666666666667,1.0,7.0,90,0.9501666666666666,450,1.0,900,1.0,0.25,,,4.0
LIGO,noisy,stage7_modality_combinations,liao_time_lr_plus_observed_sky_step,overall,fresh50_mixed_SIS_PM_unlensed_full_catalog,full_catalog,6000,9000,3000,1500,3000,1500,6000,3000,50,inceptiontime,bandpass,GW-LMC 2.5PLUS BBH Any_Detected_SNR1,4498,LIGO H1+L1 network A90 approximation,100.0,395.48290145271517,500.0,"[0.25, 0.5, 1.0, 2.0, 4.0]",LIGO_HL,"liao_time_lr,observed_sky_step",0.5038333333333334,0.7621666666666667,0.8533333333333334,,6000,0.5045,0.7536666666666667,0.847,0.9605,0.9778333333333333,0.9953333333333333,1.0,90,0.9756666666666667,450,0.9941666666666666,900,0.9981666666666666,,0.5,0.25,
LIGO,noisy,stage7_modality_combinations,liao_time_lr_plus_observed_sky_step,SIS,fresh50_mixed_SIS_PM_unlensed_full_catalog,full_catalog,6000,9000,3000,1500,3000,1500,6000,3000,50,inceptiontime,bandpass,GW-LMC 2.5PLUS BBH Any_Detected_SNR1,4498,LIGO H1+L1 network A90 approximation,100.0,395.48290145271517,500.0,"[0.25, 0.5, 1.0, 2.0, 4.0]",LIGO_HL,"liao_time_lr,observed_sky_step",0.5038333333333334,0.7621666666666667,0.8533333333333334,,3000,0.27266666666666667,0.564,0.707,0.9213333333333333,0.9556666666666667,0.9906666666666667,4.0,90,0.9513333333333334,450,0.9883333333333333,900,0.9963333333333333,,0.5,0.25,
LIGO,noisy,stage7_modality_combinations,liao_time_lr_plus_observed_sky_step,PM,fresh50_mixed_SIS_PM_unlensed_full_catalog,full_catalog,6000,9000,3000,1500,3000,1500,6000,3000,50,inceptiontime,bandpass,GW-LMC 2.5PLUS BBH Any_Detected_SNR1,4498,LIGO H1+L1 network A90 approximation,100.0,395.48290145271517,500.0,"[0.25, 0.5, 1.0, 2.0, 4.0]",LIGO_HL,"liao_time_lr,observed_sky_step",0.5038333333333334,0.7621666666666667,0.8533333333333334,,3000,0.7363333333333333,0.9433333333333334,0.987,0.9996666666666667,1.0,1.0,1.0,90,1.0,450,1.0,900,1.0,,0.5,0.25,
LIGO,noisy,stage7_modality_combinations,liao_time_lr_plus_observed_sky_step,macro,fresh50_mixed_SIS_PM_unlensed_full_catalog,full_catalog,6000,9000,3000,1500,3000,1500,6000,3000,50,inceptiontime,bandpass,GW-LMC 2.5PLUS BBH Any_Detected_SNR1,4498,LIGO H1+L1 network A90 approximation,100.0,395.48290145271517,500.0,"[0.25, 0.5, 1.0, 2.0, 4.0]",LIGO_HL,"liao_time_lr,observed_sky_step",0.5038333333333334,0.7621666666666667,0.8533333333333334,,6000,0.5045,0.7536666666666667,0.847,0.9605,0.9778333333333333,0.9953333333333334,2.5,90,0.9756666666666667,450,0.9941666666666666,900,0.9981666666666666,,0.5,0.25,
LIGO,noisy,stage7_modality_combinations,liao_time_lr_plus_observed_sky_log_overlap,overall,fresh50_mixed_SIS_PM_unlensed_full_catalog,full_catalog,6000,9000,3000,1500,3000,1500,6000,3000,50,inceptiontime,bandpass,GW-LMC 2.5PLUS BBH Any_Detected_SNR1,4498,LIGO H1+L1 network A90 approximation,100.0,395.48290145271517,500.0,"[0.25, 0.5, 1.0, 2.0, 4.0]",LIGO_HL,"liao_time_lr,observed_sky_log_overlap",0.5611666666666667,0.7263333333333334,0.7855,,6000,0.5613333333333334,0.7203333333333334,0.7745,0.9068333333333334,0.9555,0.9996666666666667,1.0,90,0.9475,450,0.9995,900,1.0,,0.25,,4.0
LIGO,noisy,stage7_modality_combinations,liao_time_lr_plus_observed_sky_log_overlap,SIS,fresh50_mixed_SIS_PM_unlensed_full_catalog,full_catalog,6000,9000,3000,1500,3000,1500,6000,3000,50,inceptiontime,bandpass,GW-LMC 2.5PLUS BBH Any_Detected_SNR1,4498,LIGO H1+L1 network A90 approximation,100.0,395.48290145271517,500.0,"[0.25, 0.5, 1.0, 2.0, 4.0]",LIGO_HL,"liao_time_lr,observed_sky_log_overlap",0.5611666666666667,0.7263333333333334,0.7855,,3000,0.19933333333333333,0.44133333333333336,0.549,0.8136666666666666,0.911,0.9993333333333333,8.0,90,0.895,450,0.999,900,1.0,,0.25,,4.0
LIGO,noisy,stage7_modality_combinations,liao_time_lr_plus_observed_sky_log_overlap,PM,fresh50_mixed_SIS_PM_unlensed_full_catalog,full_catalog,6000,9000,3000,1500,3000,1500,6000,3000,50,inceptiontime,bandpass,GW-LMC 2.5PLUS BBH Any_Detected_SNR1,4498,LIGO H1+L1 network A90 approximation,100.0,395.48290145271517,500.0,"[0.25, 0.5, 1.0, 2.0, 4.0]",LIGO_HL,"liao_time_lr,observed_sky_log_overlap",0.5611666666666667,0.7263333333333334,0.7855,,3000,0.9233333333333333,0.9993333333333333,1.0,1.0,1.0,1.0,1.0,90,1.0,450,1.0,900,1.0,,0.25,,4.0
LIGO,noisy,stage7_modality_combinations,liao_time_lr_plus_observed_sky_log_overlap,macro,fresh50_mixed_SIS_PM_unlensed_full_catalog,full_catalog,6000,9000,3000,1500,3000,1500,6000,3000,50,inceptiontime,bandpass,GW-LMC 2.5PLUS BBH Any_Detected_SNR1,4498,LIGO H1+L1 network A90 approximation,100.0,395.48290145271517,500.0,"[0.25, 0.5, 1.0, 2.0, 4.0]",LIGO_HL,"liao_time_lr,observed_sky_log_overlap",0.5611666666666667,0.7263333333333334,0.7855,,6000,0.5613333333333334,0.7203333333333333,0.7745,0.9068333333333334,0.9555,0.9996666666666667,4.5,90,0.9475,450,0.9995,900,1.0,,0.25,,4.0
LIGO,noisy,stage7_modality_combinations,waveform_plus_raw_time_plus_observed_sky_step,overall,fresh50_mixed_SIS_PM_unlensed_full_catalog,full_catalog,6000,9000,3000,1500,3000,1500,6000,3000,50,inceptiontime,bandpass,GW-LMC 2.5PLUS BBH Any_Detected_SNR1,4498,LIGO H1+L1 network A90 approximation,100.0,395.48290145271517,500.0,"[0.25, 0.5, 1.0, 2.0, 4.0]",LIGO_HL,"waveform,raw_time,observed_sky_step",0.6071666666666666,0.799,0.8511666666666666,1.0,6000,0.6008333333333333,0.7951666666666667,0.8423333333333334,0.9416666666666667,0.9685,0.9971666666666666,1.0,90,0.9648333333333333,450,0.9965,900,0.9991666666666666,4.0,,2.0,
LIGO,noisy,stage7_modality_combinations,waveform_plus_raw_time_plus_observed_sky_step,SIS,fresh50_mixed_SIS_PM_unlensed_full_catalog,full_catalog,6000,9000,3000,1500,3000,1500,6000,3000,50,inceptiontime,bandpass,GW-LMC 2.5PLUS BBH Any_Detected_SNR1,4498,LIGO H1+L1 network A90 approximation,100.0,395.48290145271517,500.0,"[0.25, 0.5, 1.0, 2.0, 4.0]",LIGO_HL,"waveform,raw_time,observed_sky_step",0.6071666666666666,0.799,0.8511666666666666,1.0,3000,0.336,0.5963333333333334,0.6866666666666666,0.8833333333333333,0.937,0.9943333333333333,3.0,90,0.9296666666666666,450,0.993,900,0.9983333333333333,4.0,,2.0,
LIGO,noisy,stage7_modality_combinations,waveform_plus_raw_time_plus_observed_sky_step,PM,fresh50_mixed_SIS_PM_unlensed_full_catalog,full_catalog,6000,9000,3000,1500,3000,1500,6000,3000,50,inceptiontime,bandpass,GW-LMC 2.5PLUS BBH Any_Detected_SNR1,4498,LIGO H1+L1 network A90 approximation,100.0,395.48290145271517,500.0,"[0.25, 0.5, 1.0, 2.0, 4.0]",LIGO_HL,"waveform,raw_time,observed_sky_step",0.6071666666666666,0.799,0.8511666666666666,1.0,3000,0.8656666666666667,0.994,0.998,1.0,1.0,1.0,1.0,90,1.0,450,1.0,900,1.0,4.0,,2.0,
LIGO,noisy,stage7_modality_combinations,waveform_plus_raw_time_plus_observed_sky_step,macro,fresh50_mixed_SIS_PM_unlensed_full_catalog,full_catalog,6000,9000,3000,1500,3000,1500,6000,3000,50,inceptiontime,bandpass,GW-LMC 2.5PLUS BBH Any_Detected_SNR1,4498,LIGO H1+L1 network A90 approximation,100.0,395.48290145271517,500.0,"[0.25, 0.5, 1.0, 2.0, 4.0]",LIGO_HL,"waveform,raw_time,observed_sky_step",0.6071666666666666,0.799,0.8511666666666666,1.0,6000,0.6008333333333333,0.7951666666666667,0.8423333333333334,0.9416666666666667,0.9685,0.9971666666666666,2.0,90,0.9648333333333333,450,0.9964999999999999,900,0.9991666666666666,4.0,,2.0,
LIGO,noisy,stage7_modality_combinations,waveform_plus_raw_time_plus_observed_sky_log_overlap,overall,fresh50_mixed_SIS_PM_unlensed_full_catalog,full_catalog,6000,9000,3000,1500,3000,1500,6000,3000,50,inceptiontime,bandpass,GW-LMC 2.5PLUS BBH Any_Detected_SNR1,4498,LIGO H1+L1 network A90 approximation,100.0,395.48290145271517,500.0,"[0.25, 0.5, 1.0, 2.0, 4.0]",LIGO_HL,"waveform,raw_time,observed_sky_log_overlap",0.371,0.5938333333333333,0.6758333333333333,1.0,6000,0.37066666666666664,0.5888333333333333,0.6666666666666666,0.8071666666666667,0.863,0.9663333333333334,3.0,90,0.8548333333333333,450,0.9615,900,0.988,1.0,,,4.0
LIGO,noisy,stage7_modality_combinations,waveform_plus_raw_time_plus_observed_sky_log_overlap,SIS,fresh50_mixed_SIS_PM_unlensed_full_catalog,full_catalog,6000,9000,3000,1500,3000,1500,6000,3000,50,inceptiontime,bandpass,GW-LMC 2.5PLUS BBH Any_Detected_SNR1,4498,LIGO H1+L1 network A90 approximation,100.0,395.48290145271517,500.0,"[0.25, 0.5, 1.0, 2.0, 4.0]",LIGO_HL,"waveform,raw_time,observed_sky_log_overlap",0.371,0.5938333333333333,0.6758333333333333,1.0,3000,0.15266666666666667,0.294,0.37433333333333335,0.6146666666666667,0.726,0.9326666666666666,25.0,90,0.7096666666666667,450,0.923,900,0.976,1.0,,,4.0
LIGO,noisy,stage7_modality_combinations,waveform_plus_raw_time_plus_observed_sky_log_overlap,PM,fresh50_mixed_SIS_PM_unlensed_full_catalog,full_catalog,6000,9000,3000,1500,3000,1500,6000,3000,50,inceptiontime,bandpass,GW-LMC 2.5PLUS BBH Any_Detected_SNR1,4498,LIGO H1+L1 network A90 approximation,100.0,395.48290145271517,500.0,"[0.25, 0.5, 1.0, 2.0, 4.0]",LIGO_HL,"waveform,raw_time,observed_sky_log_overlap",0.371,0.5938333333333333,0.6758333333333333,1.0,3000,0.5886666666666667,0.8836666666666667,0.959,0.9996666666666667,1.0,1.0,1.0,90,1.0,450,1.0,900,1.0,1.0,,,4.0
LIGO,noisy,stage7_modality_combinations,waveform_plus_raw_time_plus_observed_sky_log_overlap,macro,fresh50_mixed_SIS_PM_unlensed_full_catalog,full_catalog,6000,9000,3000,1500,3000,1500,6000,3000,50,inceptiontime,bandpass,GW-LMC 2.5PLUS BBH Any_Detected_SNR1,4498,LIGO H1+L1 network A90 approximation,100.0,395.48290145271517,500.0,"[0.25, 0.5, 1.0, 2.0, 4.0]",LIGO_HL,"waveform,raw_time,observed_sky_log_overlap",0.371,0.5938333333333333,0.6758333333333333,1.0,6000,0.3706666666666667,0.5888333333333333,0.6666666666666666,0.8071666666666667,0.863,0.9663333333333333,13.0,90,0.8548333333333333,450,0.9615,900,0.988,1.0,,,4.0
LIGO,noisy,stage7_modality_combinations,waveform_plus_liao_time_lr_plus_observed_sky_step,overall,fresh50_mixed_SIS_PM_unlensed_full_catalog,full_catalog,6000,9000,3000,1500,3000,1500,6000,3000,50,inceptiontime,bandpass,GW-LMC 2.5PLUS BBH Any_Detected_SNR1,4498,LIGO H1+L1 network A90 approximation,100.0,395.48290145271517,500.0,"[0.25, 0.5, 1.0, 2.0, 4.0]",LIGO_HL,"waveform,liao_time_lr,observed_sky_step",0.526,0.7755,0.8606666666666667,1.0,6000,0.525,0.7753333333333333,0.8536666666666667,0.9611666666666666,0.9783333333333334,0.996,1.0,90,0.9763333333333334,450,0.995,900,0.998,,4.0,2.0,
LIGO,noisy,stage7_modality_combinations,waveform_plus_liao_time_lr_plus_observed_sky_step,SIS,fresh50_mixed_SIS_PM_unlensed_full_catalog,full_catalog,6000,9000,3000,1500,3000,1500,6000,3000,50,inceptiontime,bandpass,GW-LMC 2.5PLUS BBH Any_Detected_SNR1,4498,LIGO H1+L1 network A90 approximation,100.0,395.48290145271517,500.0,"[0.25, 0.5, 1.0, 2.0, 4.0]",LIGO_HL,"waveform,liao_time_lr,observed_sky_step",0.526,0.7755,0.8606666666666667,1.0,3000,0.30933333333333335,0.603,0.7223333333333334,0.9226666666666666,0.9566666666666667,0.992,4.0,90,0.9526666666666667,450,0.99,900,0.996,,4.0,2.0,
LIGO,noisy,stage7_modality_combinations,waveform_plus_liao_time_lr_plus_observed_sky_step,PM,fresh50_mixed_SIS_PM_unlensed_full_catalog,full_catalog,6000,9000,3000,1500,3000,1500,6000,3000,50,inceptiontime,bandpass,GW-LMC 2.5PLUS BBH Any_Detected_SNR1,4498,LIGO H1+L1 network A90 approximation,100.0,395.48290145271517,500.0,"[0.25, 0.5, 1.0, 2.0, 4.0]",LIGO_HL,"waveform,liao_time_lr,observed_sky_step",0.526,0.7755,0.8606666666666667,1.0,3000,0.7406666666666667,0.9476666666666667,0.985,0.9996666666666667,1.0,1.0,1.0,90,1.0,450,1.0,900,1.0,,4.0,2.0,
LIGO,noisy,stage7_modality_combinations,waveform_plus_liao_time_lr_plus_observed_sky_step,macro,fresh50_mixed_SIS_PM_unlensed_full_catalog,full_catalog,6000,9000,3000,1500,3000,1500,6000,3000,50,inceptiontime,bandpass,GW-LMC 2.5PLUS BBH Any_Detected_SNR1,4498,LIGO H1+L1 network A90 approximation,100.0,395.48290145271517,500.0,"[0.25, 0.5, 1.0, 2.0, 4.0]",LIGO_HL,"waveform,liao_time_lr,observed_sky_step",0.526,0.7755,0.8606666666666667,1.0,6000,0.525,0.7753333333333333,0.8536666666666667,0.9611666666666667,0.9783333333333333,0.996,2.5,90,0.9763333333333333,450,0.995,900,0.998,,4.0,2.0,
LIGO,noisy,stage7_modality_combinations,waveform_plus_liao_time_lr_plus_observed_sky_log_overlap,overall,fresh50_mixed_SIS_PM_unlensed_full_catalog,full_catalog,6000,9000,3000,1500,3000,1500,6000,3000,50,inceptiontime,bandpass,GW-LMC 2.5PLUS BBH Any_Detected_SNR1,4498,LIGO H1+L1 network A90 approximation,100.0,395.48290145271517,500.0,"[0.25, 0.5, 1.0, 2.0, 4.0]",LIGO_HL,"waveform,liao_time_lr,observed_sky_log_overlap",0.36766666666666664,0.6015,0.6718333333333333,1.0,6000,0.36516666666666664,0.595,0.6663333333333333,0.7935,0.8466666666666667,0.9576666666666667,3.0,90,0.8373333333333334,450,0.9513333333333334,900,0.9836666666666667,,2.0,,4.0
LIGO,noisy,stage7_modality_combinations,waveform_plus_liao_time_lr_plus_observed_sky_log_overlap,SIS,fresh50_mixed_SIS_PM_unlensed_full_catalog,full_catalog,6000,9000,3000,1500,3000,1500,6000,3000,50,inceptiontime,bandpass,GW-LMC 2.5PLUS BBH Any_Detected_SNR1,4498,LIGO H1+L1 network A90 approximation,100.0,395.48290145271517,500.0,"[0.25, 0.5, 1.0, 2.0, 4.0]",LIGO_HL,"waveform,liao_time_lr,observed_sky_log_overlap",0.36766666666666664,0.6015,0.6718333333333333,1.0,3000,0.12433333333333334,0.2823333333333333,0.36733333333333335,0.5876666666666667,0.6933333333333334,0.9153333333333333,28.0,90,0.6746666666666666,450,0.9026666666666666,900,0.9673333333333334,,2.0,,4.0
LIGO,noisy,stage7_modality_combinations,waveform_plus_liao_time_lr_plus_observed_sky_log_overlap,PM,fresh50_mixed_SIS_PM_unlensed_full_catalog,full_catalog,6000,9000,3000,1500,3000,1500,6000,3000,50,inceptiontime,bandpass,GW-LMC 2.5PLUS BBH Any_Detected_SNR1,4498,LIGO H1+L1 network A90 approximation,100.0,395.48290145271517,500.0,"[0.25, 0.5, 1.0, 2.0, 4.0]",LIGO_HL,"waveform,liao_time_lr,observed_sky_log_overlap",0.36766666666666664,0.6015,0.6718333333333333,1.0,3000,0.606,0.9076666666666666,0.9653333333333334,0.9993333333333333,1.0,1.0,1.0,90,1.0,450,1.0,900,1.0,,2.0,,4.0
LIGO,noisy,stage7_modality_combinations,waveform_plus_liao_time_lr_plus_observed_sky_log_overlap,macro,fresh50_mixed_SIS_PM_unlensed_full_catalog,full_catalog,6000,9000,3000,1500,3000,1500,6000,3000,50,inceptiontime,bandpass,GW-LMC 2.5PLUS BBH Any_Detected_SNR1,4498,LIGO H1+L1 network A90 approximation,100.0,395.48290145271517,500.0,"[0.25, 0.5, 1.0, 2.0, 4.0]",LIGO_HL,"waveform,liao_time_lr,observed_sky_log_overlap",0.36766666666666664,0.6015,0.6718333333333333,1.0,6000,0.36516666666666664,0.595,0.6663333333333333,0.7935,0.8466666666666667,0.9576666666666667,14.5,90,0.8373333333333333,450,0.9513333333333334,900,0.9836666666666667,,2.0,,4.0
