pair,metric,score,rank_from_a,rank_from_b,selected_lambda_time
GW150914-GW151226,waveform,1.0000001192092896,1,1,
GW150914-GW151226,liao_time_lr,1.3230351209640503,180,331,
GW150914-GW151226,waveform_plus_4x_time_lr,6.292140483856201,180,327,4.0
GW150914-GW170817,waveform,1.0,2,2,
GW150914-GW170817,liao_time_lr,-2.5282790660858154,2948,3686,
GW150914-GW170817,waveform_plus_4x_time_lr,-9.113116264343262,2324,3106,4.0
GW151226-GW170817,waveform,1.0000001192092896,1,1,
GW151226-GW170817,liao_time_lr,-1.8753783702850342,1304,2296,
GW151226-GW170817,waveform_plus_4x_time_lr,-6.501513481140137,1304,2296,4.0
