detector,data_mode,stage,variant,subset,catalog,candidate_kind,query_total,catalog_total,sis_lensed_images,sis_unlensed,pm_lensed_images,pm_unlensed,total_lensed_images,total_unlensed,epochs,backbone,preprocess,liao_label,liao_delay_count,sky_label,sky_scenario,true_sky_a90_deg2,weight_grid,deployment_note,component_keys,val_selected_r@1,val_selected_r@5,val_selected_r@10,lambda_waveform,valid,r@1,r@5,r@10,r@50,r@100,r@500,median_true_rank,top_1pct_k,top_1pct,top_5pct_k,top_5pct,top_10pct_k,top_10pct,lambda_raw_time,lambda_liao_time_lr,lambda_true_sky_sep,lambda_true_sky_step,lambda_true_sky_log_overlap
ET3,noisy,stage8_true_sky_oracle_combinations,waveform_only,overall,fresh50_mixed_SIS_PM_unlensed_full_catalog,full_catalog,6000,9000,3000,1500,3000,1500,6000,3000,50,inceptiontime,bandpass,GW-LMC ET BBH Any_Detected_SNR8,4388,oracle true ra/dec fixed A90,TRUE_SKY_ORACLE,1.0,"[0.25, 0.5, 1.0, 2.0, 4.0]",upper_bound_only_not_deployable,waveform,0.6476666666666666,0.8116666666666666,0.8641666666666666,1.0,6000,0.6245,0.7978333333333333,0.8541666666666666,0.936,0.9613333333333334,0.987,1.0,90,0.9585,450,0.9863333333333333,900,0.9903333333333333,,,,,
ET3,noisy,stage8_true_sky_oracle_combinations,waveform_only,SIS,fresh50_mixed_SIS_PM_unlensed_full_catalog,full_catalog,6000,9000,3000,1500,3000,1500,6000,3000,50,inceptiontime,bandpass,GW-LMC ET BBH Any_Detected_SNR8,4388,oracle true ra/dec fixed A90,TRUE_SKY_ORACLE,1.0,"[0.25, 0.5, 1.0, 2.0, 4.0]",upper_bound_only_not_deployable,waveform,0.6476666666666666,0.8116666666666666,0.8641666666666666,1.0,3000,0.674,0.8446666666666667,0.8906666666666667,0.9586666666666667,0.977,0.9936666666666667,1.0,90,0.975,450,0.9933333333333333,900,0.9946666666666667,,,,,
ET3,noisy,stage8_true_sky_oracle_combinations,waveform_only,PM,fresh50_mixed_SIS_PM_unlensed_full_catalog,full_catalog,6000,9000,3000,1500,3000,1500,6000,3000,50,inceptiontime,bandpass,GW-LMC ET BBH Any_Detected_SNR8,4388,oracle true ra/dec fixed A90,TRUE_SKY_ORACLE,1.0,"[0.25, 0.5, 1.0, 2.0, 4.0]",upper_bound_only_not_deployable,waveform,0.6476666666666666,0.8116666666666666,0.8641666666666666,1.0,3000,0.575,0.751,0.8176666666666667,0.9133333333333333,0.9456666666666667,0.9803333333333333,1.0,90,0.942,450,0.9793333333333333,900,0.986,,,,,
ET3,noisy,stage8_true_sky_oracle_combinations,waveform_only,macro,fresh50_mixed_SIS_PM_unlensed_full_catalog,full_catalog,6000,9000,3000,1500,3000,1500,6000,3000,50,inceptiontime,bandpass,GW-LMC ET BBH Any_Detected_SNR8,4388,oracle true ra/dec fixed A90,TRUE_SKY_ORACLE,1.0,"[0.25, 0.5, 1.0, 2.0, 4.0]",upper_bound_only_not_deployable,waveform,0.6476666666666666,0.8116666666666666,0.8641666666666666,1.0,6000,0.6245,0.7978333333333334,0.8541666666666667,0.9359999999999999,0.9613333333333334,0.987,1.0,90,0.9584999999999999,450,0.9863333333333333,900,0.9903333333333333,,,,,
ET3,noisy,stage8_true_sky_oracle_combinations,raw_time_only,overall,fresh50_mixed_SIS_PM_unlensed_full_catalog,full_catalog,6000,9000,3000,1500,3000,1500,6000,3000,50,inceptiontime,bandpass,GW-LMC ET BBH Any_Detected_SNR8,4388,oracle true ra/dec fixed A90,TRUE_SKY_ORACLE,1.0,"[0.25, 0.5, 1.0, 2.0, 4.0]",upper_bound_only_not_deployable,raw_time,0.1375,0.4131666666666667,0.5318333333333334,,6000,0.13516666666666666,0.405,0.5298333333333334,0.6326666666666667,0.6893333333333334,0.8475,9.0,90,0.6778333333333333,450,0.8386666666666667,900,0.9093333333333333,1.0,,,,
ET3,noisy,stage8_true_sky_oracle_combinations,raw_time_only,SIS,fresh50_mixed_SIS_PM_unlensed_full_catalog,full_catalog,6000,9000,3000,1500,3000,1500,6000,3000,50,inceptiontime,bandpass,GW-LMC ET BBH Any_Detected_SNR8,4388,oracle true ra/dec fixed A90,TRUE_SKY_ORACLE,1.0,"[0.25, 0.5, 1.0, 2.0, 4.0]",upper_bound_only_not_deployable,raw_time,0.1375,0.4131666666666667,0.5318333333333334,,3000,0.009666666666666667,0.052333333333333336,0.102,0.2653333333333333,0.37866666666666665,0.695,188.0,90,0.3556666666666667,450,0.6773333333333333,900,0.8186666666666667,1.0,,,,
ET3,noisy,stage8_true_sky_oracle_combinations,raw_time_only,PM,fresh50_mixed_SIS_PM_unlensed_full_catalog,full_catalog,6000,9000,3000,1500,3000,1500,6000,3000,50,inceptiontime,bandpass,GW-LMC ET BBH Any_Detected_SNR8,4388,oracle true ra/dec fixed A90,TRUE_SKY_ORACLE,1.0,"[0.25, 0.5, 1.0, 2.0, 4.0]",upper_bound_only_not_deployable,raw_time,0.1375,0.4131666666666667,0.5318333333333334,,3000,0.26066666666666666,0.7576666666666667,0.9576666666666667,1.0,1.0,1.0,3.0,90,1.0,450,1.0,900,1.0,1.0,,,,
ET3,noisy,stage8_true_sky_oracle_combinations,raw_time_only,macro,fresh50_mixed_SIS_PM_unlensed_full_catalog,full_catalog,6000,9000,3000,1500,3000,1500,6000,3000,50,inceptiontime,bandpass,GW-LMC ET BBH Any_Detected_SNR8,4388,oracle true ra/dec fixed A90,TRUE_SKY_ORACLE,1.0,"[0.25, 0.5, 1.0, 2.0, 4.0]",upper_bound_only_not_deployable,raw_time,0.1375,0.4131666666666667,0.5318333333333334,,6000,0.13516666666666666,0.405,0.5298333333333334,0.6326666666666667,0.6893333333333334,0.8474999999999999,95.5,90,0.6778333333333333,450,0.8386666666666667,900,0.9093333333333333,1.0,,,,
ET3,noisy,stage8_true_sky_oracle_combinations,liao_time_lr_only,overall,fresh50_mixed_SIS_PM_unlensed_full_catalog,full_catalog,6000,9000,3000,1500,3000,1500,6000,3000,50,inceptiontime,bandpass,GW-LMC ET BBH Any_Detected_SNR8,4388,oracle true ra/dec fixed A90,TRUE_SKY_ORACLE,1.0,"[0.25, 0.5, 1.0, 2.0, 4.0]",upper_bound_only_not_deployable,liao_time_lr,0.1405,0.4086666666666667,0.5306666666666666,,6000,0.12966666666666668,0.404,0.5308333333333334,0.6373333333333333,0.6966666666666667,0.855,9.0,90,0.683,450,0.845,900,0.9161666666666667,,1.0,,,
ET3,noisy,stage8_true_sky_oracle_combinations,liao_time_lr_only,SIS,fresh50_mixed_SIS_PM_unlensed_full_catalog,full_catalog,6000,9000,3000,1500,3000,1500,6000,3000,50,inceptiontime,bandpass,GW-LMC ET BBH Any_Detected_SNR8,4388,oracle true ra/dec fixed A90,TRUE_SKY_ORACLE,1.0,"[0.25, 0.5, 1.0, 2.0, 4.0]",upper_bound_only_not_deployable,liao_time_lr,0.1405,0.4086666666666667,0.5306666666666666,,3000,0.012,0.057,0.111,0.27466666666666667,0.3933333333333333,0.71,172.0,90,0.366,450,0.69,900,0.8323333333333334,,1.0,,,
ET3,noisy,stage8_true_sky_oracle_combinations,liao_time_lr_only,PM,fresh50_mixed_SIS_PM_unlensed_full_catalog,full_catalog,6000,9000,3000,1500,3000,1500,6000,3000,50,inceptiontime,bandpass,GW-LMC ET BBH Any_Detected_SNR8,4388,oracle true ra/dec fixed A90,TRUE_SKY_ORACLE,1.0,"[0.25, 0.5, 1.0, 2.0, 4.0]",upper_bound_only_not_deployable,liao_time_lr,0.1405,0.4086666666666667,0.5306666666666666,,3000,0.24733333333333332,0.751,0.9506666666666667,1.0,1.0,1.0,3.0,90,1.0,450,1.0,900,1.0,,1.0,,,
ET3,noisy,stage8_true_sky_oracle_combinations,liao_time_lr_only,macro,fresh50_mixed_SIS_PM_unlensed_full_catalog,full_catalog,6000,9000,3000,1500,3000,1500,6000,3000,50,inceptiontime,bandpass,GW-LMC ET BBH Any_Detected_SNR8,4388,oracle true ra/dec fixed A90,TRUE_SKY_ORACLE,1.0,"[0.25, 0.5, 1.0, 2.0, 4.0]",upper_bound_only_not_deployable,liao_time_lr,0.1405,0.4086666666666667,0.5306666666666666,,6000,0.12966666666666665,0.404,0.5308333333333334,0.6373333333333333,0.6966666666666667,0.855,87.5,90,0.683,450,0.845,900,0.9161666666666667,,1.0,,,
ET3,noisy,stage8_true_sky_oracle_combinations,true_sky_sep_only,overall,fresh50_mixed_SIS_PM_unlensed_full_catalog,full_catalog,6000,9000,3000,1500,3000,1500,6000,3000,50,inceptiontime,bandpass,GW-LMC ET BBH Any_Detected_SNR8,4388,oracle true ra/dec fixed A90,TRUE_SKY_ORACLE,1.0,"[0.25, 0.5, 1.0, 2.0, 4.0]",upper_bound_only_not_deployable,true_sky_sep,1.0,1.0,1.0,,6000,1.0,1.0,1.0,1.0,1.0,1.0,1.0,90,1.0,450,1.0,900,1.0,,,1.0,,
ET3,noisy,stage8_true_sky_oracle_combinations,true_sky_sep_only,SIS,fresh50_mixed_SIS_PM_unlensed_full_catalog,full_catalog,6000,9000,3000,1500,3000,1500,6000,3000,50,inceptiontime,bandpass,GW-LMC ET BBH Any_Detected_SNR8,4388,oracle true ra/dec fixed A90,TRUE_SKY_ORACLE,1.0,"[0.25, 0.5, 1.0, 2.0, 4.0]",upper_bound_only_not_deployable,true_sky_sep,1.0,1.0,1.0,,3000,1.0,1.0,1.0,1.0,1.0,1.0,1.0,90,1.0,450,1.0,900,1.0,,,1.0,,
ET3,noisy,stage8_true_sky_oracle_combinations,true_sky_sep_only,PM,fresh50_mixed_SIS_PM_unlensed_full_catalog,full_catalog,6000,9000,3000,1500,3000,1500,6000,3000,50,inceptiontime,bandpass,GW-LMC ET BBH Any_Detected_SNR8,4388,oracle true ra/dec fixed A90,TRUE_SKY_ORACLE,1.0,"[0.25, 0.5, 1.0, 2.0, 4.0]",upper_bound_only_not_deployable,true_sky_sep,1.0,1.0,1.0,,3000,1.0,1.0,1.0,1.0,1.0,1.0,1.0,90,1.0,450,1.0,900,1.0,,,1.0,,
ET3,noisy,stage8_true_sky_oracle_combinations,true_sky_sep_only,macro,fresh50_mixed_SIS_PM_unlensed_full_catalog,full_catalog,6000,9000,3000,1500,3000,1500,6000,3000,50,inceptiontime,bandpass,GW-LMC ET BBH Any_Detected_SNR8,4388,oracle true ra/dec fixed A90,TRUE_SKY_ORACLE,1.0,"[0.25, 0.5, 1.0, 2.0, 4.0]",upper_bound_only_not_deployable,true_sky_sep,1.0,1.0,1.0,,6000,1.0,1.0,1.0,1.0,1.0,1.0,1.0,90,1.0,450,1.0,900,1.0,,,1.0,,
ET3,noisy,stage8_true_sky_oracle_combinations,true_sky_step_only,overall,fresh50_mixed_SIS_PM_unlensed_full_catalog,full_catalog,6000,9000,3000,1500,3000,1500,6000,3000,50,inceptiontime,bandpass,GW-LMC ET BBH Any_Detected_SNR8,4388,oracle true ra/dec fixed A90,TRUE_SKY_ORACLE,1.0,"[0.25, 0.5, 1.0, 2.0, 4.0]",upper_bound_only_not_deployable,true_sky_step,1.0,1.0,1.0,,6000,1.0,1.0,1.0,1.0,1.0,1.0,1.0,90,1.0,450,1.0,900,1.0,,,,1.0,
ET3,noisy,stage8_true_sky_oracle_combinations,true_sky_step_only,SIS,fresh50_mixed_SIS_PM_unlensed_full_catalog,full_catalog,6000,9000,3000,1500,3000,1500,6000,3000,50,inceptiontime,bandpass,GW-LMC ET BBH Any_Detected_SNR8,4388,oracle true ra/dec fixed A90,TRUE_SKY_ORACLE,1.0,"[0.25, 0.5, 1.0, 2.0, 4.0]",upper_bound_only_not_deployable,true_sky_step,1.0,1.0,1.0,,3000,1.0,1.0,1.0,1.0,1.0,1.0,1.0,90,1.0,450,1.0,900,1.0,,,,1.0,
ET3,noisy,stage8_true_sky_oracle_combinations,true_sky_step_only,PM,fresh50_mixed_SIS_PM_unlensed_full_catalog,full_catalog,6000,9000,3000,1500,3000,1500,6000,3000,50,inceptiontime,bandpass,GW-LMC ET BBH Any_Detected_SNR8,4388,oracle true ra/dec fixed A90,TRUE_SKY_ORACLE,1.0,"[0.25, 0.5, 1.0, 2.0, 4.0]",upper_bound_only_not_deployable,true_sky_step,1.0,1.0,1.0,,3000,1.0,1.0,1.0,1.0,1.0,1.0,1.0,90,1.0,450,1.0,900,1.0,,,,1.0,
ET3,noisy,stage8_true_sky_oracle_combinations,true_sky_step_only,macro,fresh50_mixed_SIS_PM_unlensed_full_catalog,full_catalog,6000,9000,3000,1500,3000,1500,6000,3000,50,inceptiontime,bandpass,GW-LMC ET BBH Any_Detected_SNR8,4388,oracle true ra/dec fixed A90,TRUE_SKY_ORACLE,1.0,"[0.25, 0.5, 1.0, 2.0, 4.0]",upper_bound_only_not_deployable,true_sky_step,1.0,1.0,1.0,,6000,1.0,1.0,1.0,1.0,1.0,1.0,1.0,90,1.0,450,1.0,900,1.0,,,,1.0,
ET3,noisy,stage8_true_sky_oracle_combinations,true_sky_log_overlap_only,overall,fresh50_mixed_SIS_PM_unlensed_full_catalog,full_catalog,6000,9000,3000,1500,3000,1500,6000,3000,50,inceptiontime,bandpass,GW-LMC ET BBH Any_Detected_SNR8,4388,oracle true ra/dec fixed A90,TRUE_SKY_ORACLE,1.0,"[0.25, 0.5, 1.0, 2.0, 4.0]",upper_bound_only_not_deployable,true_sky_log_overlap,1.0,1.0,1.0,,6000,1.0,1.0,1.0,1.0,1.0,1.0,1.0,90,1.0,450,1.0,900,1.0,,,,,1.0
ET3,noisy,stage8_true_sky_oracle_combinations,true_sky_log_overlap_only,SIS,fresh50_mixed_SIS_PM_unlensed_full_catalog,full_catalog,6000,9000,3000,1500,3000,1500,6000,3000,50,inceptiontime,bandpass,GW-LMC ET BBH Any_Detected_SNR8,4388,oracle true ra/dec fixed A90,TRUE_SKY_ORACLE,1.0,"[0.25, 0.5, 1.0, 2.0, 4.0]",upper_bound_only_not_deployable,true_sky_log_overlap,1.0,1.0,1.0,,3000,1.0,1.0,1.0,1.0,1.0,1.0,1.0,90,1.0,450,1.0,900,1.0,,,,,1.0
ET3,noisy,stage8_true_sky_oracle_combinations,true_sky_log_overlap_only,PM,fresh50_mixed_SIS_PM_unlensed_full_catalog,full_catalog,6000,9000,3000,1500,3000,1500,6000,3000,50,inceptiontime,bandpass,GW-LMC ET BBH Any_Detected_SNR8,4388,oracle true ra/dec fixed A90,TRUE_SKY_ORACLE,1.0,"[0.25, 0.5, 1.0, 2.0, 4.0]",upper_bound_only_not_deployable,true_sky_log_overlap,1.0,1.0,1.0,,3000,1.0,1.0,1.0,1.0,1.0,1.0,1.0,90,1.0,450,1.0,900,1.0,,,,,1.0
ET3,noisy,stage8_true_sky_oracle_combinations,true_sky_log_overlap_only,macro,fresh50_mixed_SIS_PM_unlensed_full_catalog,full_catalog,6000,9000,3000,1500,3000,1500,6000,3000,50,inceptiontime,bandpass,GW-LMC ET BBH Any_Detected_SNR8,4388,oracle true ra/dec fixed A90,TRUE_SKY_ORACLE,1.0,"[0.25, 0.5, 1.0, 2.0, 4.0]",upper_bound_only_not_deployable,true_sky_log_overlap,1.0,1.0,1.0,,6000,1.0,1.0,1.0,1.0,1.0,1.0,1.0,90,1.0,450,1.0,900,1.0,,,,,1.0
ET3,noisy,stage8_true_sky_oracle_combinations,waveform_plus_true_sky_sep,overall,fresh50_mixed_SIS_PM_unlensed_full_catalog,full_catalog,6000,9000,3000,1500,3000,1500,6000,3000,50,inceptiontime,bandpass,GW-LMC ET BBH Any_Detected_SNR8,4388,oracle true ra/dec fixed A90,TRUE_SKY_ORACLE,1.0,"[0.25, 0.5, 1.0, 2.0, 4.0]",upper_bound_only_not_deployable,"waveform,true_sky_sep",0.959,0.9871666666666666,0.9923333333333333,1.0,6000,0.9586666666666667,0.9878333333333333,0.9923333333333333,0.9983333333333333,0.9995,1.0,1.0,90,0.9993333333333333,450,1.0,900,1.0,,,4.0,,
ET3,noisy,stage8_true_sky_oracle_combinations,waveform_plus_true_sky_sep,SIS,fresh50_mixed_SIS_PM_unlensed_full_catalog,full_catalog,6000,9000,3000,1500,3000,1500,6000,3000,50,inceptiontime,bandpass,GW-LMC ET BBH Any_Detected_SNR8,4388,oracle true ra/dec fixed A90,TRUE_SKY_ORACLE,1.0,"[0.25, 0.5, 1.0, 2.0, 4.0]",upper_bound_only_not_deployable,"waveform,true_sky_sep",0.959,0.9871666666666666,0.9923333333333333,1.0,3000,0.973,0.9933333333333333,0.9946666666666667,0.9983333333333333,0.9993333333333333,1.0,1.0,90,0.9993333333333333,450,1.0,900,1.0,,,4.0,,
ET3,noisy,stage8_true_sky_oracle_combinations,waveform_plus_true_sky_sep,PM,fresh50_mixed_SIS_PM_unlensed_full_catalog,full_catalog,6000,9000,3000,1500,3000,1500,6000,3000,50,inceptiontime,bandpass,GW-LMC ET BBH Any_Detected_SNR8,4388,oracle true ra/dec fixed A90,TRUE_SKY_ORACLE,1.0,"[0.25, 0.5, 1.0, 2.0, 4.0]",upper_bound_only_not_deployable,"waveform,true_sky_sep",0.959,0.9871666666666666,0.9923333333333333,1.0,3000,0.9443333333333334,0.9823333333333333,0.99,0.9983333333333333,0.9996666666666667,1.0,1.0,90,0.9993333333333333,450,1.0,900,1.0,,,4.0,,
ET3,noisy,stage8_true_sky_oracle_combinations,waveform_plus_true_sky_sep,macro,fresh50_mixed_SIS_PM_unlensed_full_catalog,full_catalog,6000,9000,3000,1500,3000,1500,6000,3000,50,inceptiontime,bandpass,GW-LMC ET BBH Any_Detected_SNR8,4388,oracle true ra/dec fixed A90,TRUE_SKY_ORACLE,1.0,"[0.25, 0.5, 1.0, 2.0, 4.0]",upper_bound_only_not_deployable,"waveform,true_sky_sep",0.959,0.9871666666666666,0.9923333333333333,1.0,6000,0.9586666666666667,0.9878333333333333,0.9923333333333333,0.9983333333333333,0.9995,1.0,1.0,90,0.9993333333333333,450,1.0,900,1.0,,,4.0,,
ET3,noisy,stage8_true_sky_oracle_combinations,waveform_plus_true_sky_step,overall,fresh50_mixed_SIS_PM_unlensed_full_catalog,full_catalog,6000,9000,3000,1500,3000,1500,6000,3000,50,inceptiontime,bandpass,GW-LMC ET BBH Any_Detected_SNR8,4388,oracle true ra/dec fixed A90,TRUE_SKY_ORACLE,1.0,"[0.25, 0.5, 1.0, 2.0, 4.0]",upper_bound_only_not_deployable,"waveform,true_sky_step",0.9996666666666667,1.0,1.0,1.0,6000,0.9998333333333334,1.0,1.0,1.0,1.0,1.0,1.0,90,1.0,450,1.0,900,1.0,,,,0.25,
ET3,noisy,stage8_true_sky_oracle_combinations,waveform_plus_true_sky_step,SIS,fresh50_mixed_SIS_PM_unlensed_full_catalog,full_catalog,6000,9000,3000,1500,3000,1500,6000,3000,50,inceptiontime,bandpass,GW-LMC ET BBH Any_Detected_SNR8,4388,oracle true ra/dec fixed A90,TRUE_SKY_ORACLE,1.0,"[0.25, 0.5, 1.0, 2.0, 4.0]",upper_bound_only_not_deployable,"waveform,true_sky_step",0.9996666666666667,1.0,1.0,1.0,3000,1.0,1.0,1.0,1.0,1.0,1.0,1.0,90,1.0,450,1.0,900,1.0,,,,0.25,
ET3,noisy,stage8_true_sky_oracle_combinations,waveform_plus_true_sky_step,PM,fresh50_mixed_SIS_PM_unlensed_full_catalog,full_catalog,6000,9000,3000,1500,3000,1500,6000,3000,50,inceptiontime,bandpass,GW-LMC ET BBH Any_Detected_SNR8,4388,oracle true ra/dec fixed A90,TRUE_SKY_ORACLE,1.0,"[0.25, 0.5, 1.0, 2.0, 4.0]",upper_bound_only_not_deployable,"waveform,true_sky_step",0.9996666666666667,1.0,1.0,1.0,3000,0.9996666666666667,1.0,1.0,1.0,1.0,1.0,1.0,90,1.0,450,1.0,900,1.0,,,,0.25,
ET3,noisy,stage8_true_sky_oracle_combinations,waveform_plus_true_sky_step,macro,fresh50_mixed_SIS_PM_unlensed_full_catalog,full_catalog,6000,9000,3000,1500,3000,1500,6000,3000,50,inceptiontime,bandpass,GW-LMC ET BBH Any_Detected_SNR8,4388,oracle true ra/dec fixed A90,TRUE_SKY_ORACLE,1.0,"[0.25, 0.5, 1.0, 2.0, 4.0]",upper_bound_only_not_deployable,"waveform,true_sky_step",0.9996666666666667,1.0,1.0,1.0,6000,0.9998333333333334,1.0,1.0,1.0,1.0,1.0,1.0,90,1.0,450,1.0,900,1.0,,,,0.25,
ET3,noisy,stage8_true_sky_oracle_combinations,waveform_plus_true_sky_log_overlap,overall,fresh50_mixed_SIS_PM_unlensed_full_catalog,full_catalog,6000,9000,3000,1500,3000,1500,6000,3000,50,inceptiontime,bandpass,GW-LMC ET BBH Any_Detected_SNR8,4388,oracle true ra/dec fixed A90,TRUE_SKY_ORACLE,1.0,"[0.25, 0.5, 1.0, 2.0, 4.0]",upper_bound_only_not_deployable,"waveform,true_sky_log_overlap",0.8753333333333333,0.9448333333333333,0.9638333333333333,1.0,6000,0.86,0.9388333333333333,0.9628333333333333,0.9873333333333333,0.9918333333333333,0.998,1.0,90,0.9908333333333333,450,0.9978333333333333,900,0.9993333333333333,,,,,4.0
ET3,noisy,stage8_true_sky_oracle_combinations,waveform_plus_true_sky_log_overlap,SIS,fresh50_mixed_SIS_PM_unlensed_full_catalog,full_catalog,6000,9000,3000,1500,3000,1500,6000,3000,50,inceptiontime,bandpass,GW-LMC ET BBH Any_Detected_SNR8,4388,oracle true ra/dec fixed A90,TRUE_SKY_ORACLE,1.0,"[0.25, 0.5, 1.0, 2.0, 4.0]",upper_bound_only_not_deployable,"waveform,true_sky_log_overlap",0.8753333333333333,0.9448333333333333,0.9638333333333333,1.0,3000,0.894,0.9586666666666667,0.978,0.9933333333333333,0.9946666666666667,0.998,1.0,90,0.9946666666666667,450,0.9976666666666667,900,0.9993333333333333,,,,,4.0
ET3,noisy,stage8_true_sky_oracle_combinations,waveform_plus_true_sky_log_overlap,PM,fresh50_mixed_SIS_PM_unlensed_full_catalog,full_catalog,6000,9000,3000,1500,3000,1500,6000,3000,50,inceptiontime,bandpass,GW-LMC ET BBH Any_Detected_SNR8,4388,oracle true ra/dec fixed A90,TRUE_SKY_ORACLE,1.0,"[0.25, 0.5, 1.0, 2.0, 4.0]",upper_bound_only_not_deployable,"waveform,true_sky_log_overlap",0.8753333333333333,0.9448333333333333,0.9638333333333333,1.0,3000,0.826,0.919,0.9476666666666667,0.9813333333333333,0.989,0.998,1.0,90,0.987,450,0.998,900,0.9993333333333333,,,,,4.0
ET3,noisy,stage8_true_sky_oracle_combinations,waveform_plus_true_sky_log_overlap,macro,fresh50_mixed_SIS_PM_unlensed_full_catalog,full_catalog,6000,9000,3000,1500,3000,1500,6000,3000,50,inceptiontime,bandpass,GW-LMC ET BBH Any_Detected_SNR8,4388,oracle true ra/dec fixed A90,TRUE_SKY_ORACLE,1.0,"[0.25, 0.5, 1.0, 2.0, 4.0]",upper_bound_only_not_deployable,"waveform,true_sky_log_overlap",0.8753333333333333,0.9448333333333333,0.9638333333333333,1.0,6000,0.86,0.9388333333333334,0.9628333333333333,0.9873333333333333,0.9918333333333333,0.998,1.0,90,0.9908333333333333,450,0.9978333333333333,900,0.9993333333333333,,,,,4.0
ET3,noisy,stage8_true_sky_oracle_combinations,raw_time_plus_true_sky_step,overall,fresh50_mixed_SIS_PM_unlensed_full_catalog,full_catalog,6000,9000,3000,1500,3000,1500,6000,3000,50,inceptiontime,bandpass,GW-LMC ET BBH Any_Detected_SNR8,4388,oracle true ra/dec fixed A90,TRUE_SKY_ORACLE,1.0,"[0.25, 0.5, 1.0, 2.0, 4.0]",upper_bound_only_not_deployable,"raw_time,true_sky_step",0.9981666666666666,1.0,1.0,,6000,0.9978333333333333,1.0,1.0,1.0,1.0,1.0,1.0,90,1.0,450,1.0,900,1.0,0.25,,,0.25,
ET3,noisy,stage8_true_sky_oracle_combinations,raw_time_plus_true_sky_step,SIS,fresh50_mixed_SIS_PM_unlensed_full_catalog,full_catalog,6000,9000,3000,1500,3000,1500,6000,3000,50,inceptiontime,bandpass,GW-LMC ET BBH Any_Detected_SNR8,4388,oracle true ra/dec fixed A90,TRUE_SKY_ORACLE,1.0,"[0.25, 0.5, 1.0, 2.0, 4.0]",upper_bound_only_not_deployable,"raw_time,true_sky_step",0.9981666666666666,1.0,1.0,,3000,0.996,1.0,1.0,1.0,1.0,1.0,1.0,90,1.0,450,1.0,900,1.0,0.25,,,0.25,
ET3,noisy,stage8_true_sky_oracle_combinations,raw_time_plus_true_sky_step,PM,fresh50_mixed_SIS_PM_unlensed_full_catalog,full_catalog,6000,9000,3000,1500,3000,1500,6000,3000,50,inceptiontime,bandpass,GW-LMC ET BBH Any_Detected_SNR8,4388,oracle true ra/dec fixed A90,TRUE_SKY_ORACLE,1.0,"[0.25, 0.5, 1.0, 2.0, 4.0]",upper_bound_only_not_deployable,"raw_time,true_sky_step",0.9981666666666666,1.0,1.0,,3000,0.9996666666666667,1.0,1.0,1.0,1.0,1.0,1.0,90,1.0,450,1.0,900,1.0,0.25,,,0.25,
ET3,noisy,stage8_true_sky_oracle_combinations,raw_time_plus_true_sky_step,macro,fresh50_mixed_SIS_PM_unlensed_full_catalog,full_catalog,6000,9000,3000,1500,3000,1500,6000,3000,50,inceptiontime,bandpass,GW-LMC ET BBH Any_Detected_SNR8,4388,oracle true ra/dec fixed A90,TRUE_SKY_ORACLE,1.0,"[0.25, 0.5, 1.0, 2.0, 4.0]",upper_bound_only_not_deployable,"raw_time,true_sky_step",0.9981666666666666,1.0,1.0,,6000,0.9978333333333333,1.0,1.0,1.0,1.0,1.0,1.0,90,1.0,450,1.0,900,1.0,0.25,,,0.25,
ET3,noisy,stage8_true_sky_oracle_combinations,raw_time_plus_true_sky_log_overlap,overall,fresh50_mixed_SIS_PM_unlensed_full_catalog,full_catalog,6000,9000,3000,1500,3000,1500,6000,3000,50,inceptiontime,bandpass,GW-LMC ET BBH Any_Detected_SNR8,4388,oracle true ra/dec fixed A90,TRUE_SKY_ORACLE,1.0,"[0.25, 0.5, 1.0, 2.0, 4.0]",upper_bound_only_not_deployable,"raw_time,true_sky_log_overlap",0.6168333333333333,0.7471666666666666,0.8125,,6000,0.6108333333333333,0.7396666666666667,0.8015,0.9571666666666667,0.9958333333333333,1.0,1.0,90,0.9921666666666666,450,1.0,900,1.0,0.25,,,,4.0
ET3,noisy,stage8_true_sky_oracle_combinations,raw_time_plus_true_sky_log_overlap,SIS,fresh50_mixed_SIS_PM_unlensed_full_catalog,full_catalog,6000,9000,3000,1500,3000,1500,6000,3000,50,inceptiontime,bandpass,GW-LMC ET BBH Any_Detected_SNR8,4388,oracle true ra/dec fixed A90,TRUE_SKY_ORACLE,1.0,"[0.25, 0.5, 1.0, 2.0, 4.0]",upper_bound_only_not_deployable,"raw_time,true_sky_log_overlap",0.6168333333333333,0.7471666666666666,0.8125,,3000,0.24933333333333332,0.47933333333333333,0.603,0.9143333333333333,0.9916666666666667,1.0,6.0,90,0.9843333333333333,450,1.0,900,1.0,0.25,,,,4.0
ET3,noisy,stage8_true_sky_oracle_combinations,raw_time_plus_true_sky_log_overlap,PM,fresh50_mixed_SIS_PM_unlensed_full_catalog,full_catalog,6000,9000,3000,1500,3000,1500,6000,3000,50,inceptiontime,bandpass,GW-LMC ET BBH Any_Detected_SNR8,4388,oracle true ra/dec fixed A90,TRUE_SKY_ORACLE,1.0,"[0.25, 0.5, 1.0, 2.0, 4.0]",upper_bound_only_not_deployable,"raw_time,true_sky_log_overlap",0.6168333333333333,0.7471666666666666,0.8125,,3000,0.9723333333333334,1.0,1.0,1.0,1.0,1.0,1.0,90,1.0,450,1.0,900,1.0,0.25,,,,4.0
ET3,noisy,stage8_true_sky_oracle_combinations,raw_time_plus_true_sky_log_overlap,macro,fresh50_mixed_SIS_PM_unlensed_full_catalog,full_catalog,6000,9000,3000,1500,3000,1500,6000,3000,50,inceptiontime,bandpass,GW-LMC ET BBH Any_Detected_SNR8,4388,oracle true ra/dec fixed A90,TRUE_SKY_ORACLE,1.0,"[0.25, 0.5, 1.0, 2.0, 4.0]",upper_bound_only_not_deployable,"raw_time,true_sky_log_overlap",0.6168333333333333,0.7471666666666666,0.8125,,6000,0.6108333333333333,0.7396666666666667,0.8015,0.9571666666666667,0.9958333333333333,1.0,3.5,90,0.9921666666666666,450,1.0,900,1.0,0.25,,,,4.0
ET3,noisy,stage8_true_sky_oracle_combinations,liao_time_lr_plus_true_sky_step,overall,fresh50_mixed_SIS_PM_unlensed_full_catalog,full_catalog,6000,9000,3000,1500,3000,1500,6000,3000,50,inceptiontime,bandpass,GW-LMC ET BBH Any_Detected_SNR8,4388,oracle true ra/dec fixed A90,TRUE_SKY_ORACLE,1.0,"[0.25, 0.5, 1.0, 2.0, 4.0]",upper_bound_only_not_deployable,"liao_time_lr,true_sky_step",0.9983333333333333,1.0,1.0,,6000,0.9978333333333333,1.0,1.0,1.0,1.0,1.0,1.0,90,1.0,450,1.0,900,1.0,,0.25,,0.25,
ET3,noisy,stage8_true_sky_oracle_combinations,liao_time_lr_plus_true_sky_step,SIS,fresh50_mixed_SIS_PM_unlensed_full_catalog,full_catalog,6000,9000,3000,1500,3000,1500,6000,3000,50,inceptiontime,bandpass,GW-LMC ET BBH Any_Detected_SNR8,4388,oracle true ra/dec fixed A90,TRUE_SKY_ORACLE,1.0,"[0.25, 0.5, 1.0, 2.0, 4.0]",upper_bound_only_not_deployable,"liao_time_lr,true_sky_step",0.9983333333333333,1.0,1.0,,3000,0.996,1.0,1.0,1.0,1.0,1.0,1.0,90,1.0,450,1.0,900,1.0,,0.25,,0.25,
ET3,noisy,stage8_true_sky_oracle_combinations,liao_time_lr_plus_true_sky_step,PM,fresh50_mixed_SIS_PM_unlensed_full_catalog,full_catalog,6000,9000,3000,1500,3000,1500,6000,3000,50,inceptiontime,bandpass,GW-LMC ET BBH Any_Detected_SNR8,4388,oracle true ra/dec fixed A90,TRUE_SKY_ORACLE,1.0,"[0.25, 0.5, 1.0, 2.0, 4.0]",upper_bound_only_not_deployable,"liao_time_lr,true_sky_step",0.9983333333333333,1.0,1.0,,3000,0.9996666666666667,1.0,1.0,1.0,1.0,1.0,1.0,90,1.0,450,1.0,900,1.0,,0.25,,0.25,
ET3,noisy,stage8_true_sky_oracle_combinations,liao_time_lr_plus_true_sky_step,macro,fresh50_mixed_SIS_PM_unlensed_full_catalog,full_catalog,6000,9000,3000,1500,3000,1500,6000,3000,50,inceptiontime,bandpass,GW-LMC ET BBH Any_Detected_SNR8,4388,oracle true ra/dec fixed A90,TRUE_SKY_ORACLE,1.0,"[0.25, 0.5, 1.0, 2.0, 4.0]",upper_bound_only_not_deployable,"liao_time_lr,true_sky_step",0.9983333333333333,1.0,1.0,,6000,0.9978333333333333,1.0,1.0,1.0,1.0,1.0,1.0,90,1.0,450,1.0,900,1.0,,0.25,,0.25,
ET3,noisy,stage8_true_sky_oracle_combinations,liao_time_lr_plus_true_sky_log_overlap,overall,fresh50_mixed_SIS_PM_unlensed_full_catalog,full_catalog,6000,9000,3000,1500,3000,1500,6000,3000,50,inceptiontime,bandpass,GW-LMC ET BBH Any_Detected_SNR8,4388,oracle true ra/dec fixed A90,TRUE_SKY_ORACLE,1.0,"[0.25, 0.5, 1.0, 2.0, 4.0]",upper_bound_only_not_deployable,"liao_time_lr,true_sky_log_overlap",0.649,0.8028333333333333,0.8508333333333333,,6000,0.6483333333333333,0.7905,0.8408333333333333,0.9496666666666667,0.9868333333333333,1.0,1.0,90,0.9833333333333333,450,1.0,900,1.0,,0.25,,,4.0
ET3,noisy,stage8_true_sky_oracle_combinations,liao_time_lr_plus_true_sky_log_overlap,SIS,fresh50_mixed_SIS_PM_unlensed_full_catalog,full_catalog,6000,9000,3000,1500,3000,1500,6000,3000,50,inceptiontime,bandpass,GW-LMC ET BBH Any_Detected_SNR8,4388,oracle true ra/dec fixed A90,TRUE_SKY_ORACLE,1.0,"[0.25, 0.5, 1.0, 2.0, 4.0]",upper_bound_only_not_deployable,"liao_time_lr,true_sky_log_overlap",0.649,0.8028333333333333,0.8508333333333333,,3000,0.3363333333333333,0.581,0.6816666666666666,0.8993333333333333,0.9736666666666667,1.0,3.0,90,0.9666666666666667,450,1.0,900,1.0,,0.25,,,4.0
ET3,noisy,stage8_true_sky_oracle_combinations,liao_time_lr_plus_true_sky_log_overlap,PM,fresh50_mixed_SIS_PM_unlensed_full_catalog,full_catalog,6000,9000,3000,1500,3000,1500,6000,3000,50,inceptiontime,bandpass,GW-LMC ET BBH Any_Detected_SNR8,4388,oracle true ra/dec fixed A90,TRUE_SKY_ORACLE,1.0,"[0.25, 0.5, 1.0, 2.0, 4.0]",upper_bound_only_not_deployable,"liao_time_lr,true_sky_log_overlap",0.649,0.8028333333333333,0.8508333333333333,,3000,0.9603333333333334,1.0,1.0,1.0,1.0,1.0,1.0,90,1.0,450,1.0,900,1.0,,0.25,,,4.0
ET3,noisy,stage8_true_sky_oracle_combinations,liao_time_lr_plus_true_sky_log_overlap,macro,fresh50_mixed_SIS_PM_unlensed_full_catalog,full_catalog,6000,9000,3000,1500,3000,1500,6000,3000,50,inceptiontime,bandpass,GW-LMC ET BBH Any_Detected_SNR8,4388,oracle true ra/dec fixed A90,TRUE_SKY_ORACLE,1.0,"[0.25, 0.5, 1.0, 2.0, 4.0]",upper_bound_only_not_deployable,"liao_time_lr,true_sky_log_overlap",0.649,0.8028333333333333,0.8508333333333333,,6000,0.6483333333333333,0.7905,0.8408333333333333,0.9496666666666667,0.9868333333333333,1.0,2.0,90,0.9833333333333334,450,1.0,900,1.0,,0.25,,,4.0
ET3,noisy,stage8_true_sky_oracle_combinations,waveform_plus_raw_time_plus_true_sky_step,overall,fresh50_mixed_SIS_PM_unlensed_full_catalog,full_catalog,6000,9000,3000,1500,3000,1500,6000,3000,50,inceptiontime,bandpass,GW-LMC ET BBH Any_Detected_SNR8,4388,oracle true ra/dec fixed A90,TRUE_SKY_ORACLE,1.0,"[0.25, 0.5, 1.0, 2.0, 4.0]",upper_bound_only_not_deployable,"waveform,raw_time,true_sky_step",0.9998333333333334,1.0,1.0,1.0,6000,1.0,1.0,1.0,1.0,1.0,1.0,1.0,90,1.0,450,1.0,900,1.0,0.5,,,0.25,
ET3,noisy,stage8_true_sky_oracle_combinations,waveform_plus_raw_time_plus_true_sky_step,SIS,fresh50_mixed_SIS_PM_unlensed_full_catalog,full_catalog,6000,9000,3000,1500,3000,1500,6000,3000,50,inceptiontime,bandpass,GW-LMC ET BBH Any_Detected_SNR8,4388,oracle true ra/dec fixed A90,TRUE_SKY_ORACLE,1.0,"[0.25, 0.5, 1.0, 2.0, 4.0]",upper_bound_only_not_deployable,"waveform,raw_time,true_sky_step",0.9998333333333334,1.0,1.0,1.0,3000,1.0,1.0,1.0,1.0,1.0,1.0,1.0,90,1.0,450,1.0,900,1.0,0.5,,,0.25,
ET3,noisy,stage8_true_sky_oracle_combinations,waveform_plus_raw_time_plus_true_sky_step,PM,fresh50_mixed_SIS_PM_unlensed_full_catalog,full_catalog,6000,9000,3000,1500,3000,1500,6000,3000,50,inceptiontime,bandpass,GW-LMC ET BBH Any_Detected_SNR8,4388,oracle true ra/dec fixed A90,TRUE_SKY_ORACLE,1.0,"[0.25, 0.5, 1.0, 2.0, 4.0]",upper_bound_only_not_deployable,"waveform,raw_time,true_sky_step",0.9998333333333334,1.0,1.0,1.0,3000,1.0,1.0,1.0,1.0,1.0,1.0,1.0,90,1.0,450,1.0,900,1.0,0.5,,,0.25,
ET3,noisy,stage8_true_sky_oracle_combinations,waveform_plus_raw_time_plus_true_sky_step,macro,fresh50_mixed_SIS_PM_unlensed_full_catalog,full_catalog,6000,9000,3000,1500,3000,1500,6000,3000,50,inceptiontime,bandpass,GW-LMC ET BBH Any_Detected_SNR8,4388,oracle true ra/dec fixed A90,TRUE_SKY_ORACLE,1.0,"[0.25, 0.5, 1.0, 2.0, 4.0]",upper_bound_only_not_deployable,"waveform,raw_time,true_sky_step",0.9998333333333334,1.0,1.0,1.0,6000,1.0,1.0,1.0,1.0,1.0,1.0,1.0,90,1.0,450,1.0,900,1.0,0.5,,,0.25,
ET3,noisy,stage8_true_sky_oracle_combinations,waveform_plus_liao_time_lr_plus_true_sky_step,overall,fresh50_mixed_SIS_PM_unlensed_full_catalog,full_catalog,6000,9000,3000,1500,3000,1500,6000,3000,50,inceptiontime,bandpass,GW-LMC ET BBH Any_Detected_SNR8,4388,oracle true ra/dec fixed A90,TRUE_SKY_ORACLE,1.0,"[0.25, 0.5, 1.0, 2.0, 4.0]",upper_bound_only_not_deployable,"waveform,liao_time_lr,true_sky_step",0.9998333333333334,1.0,1.0,1.0,6000,1.0,1.0,1.0,1.0,1.0,1.0,1.0,90,1.0,450,1.0,900,1.0,,0.5,,0.25,
ET3,noisy,stage8_true_sky_oracle_combinations,waveform_plus_liao_time_lr_plus_true_sky_step,SIS,fresh50_mixed_SIS_PM_unlensed_full_catalog,full_catalog,6000,9000,3000,1500,3000,1500,6000,3000,50,inceptiontime,bandpass,GW-LMC ET BBH Any_Detected_SNR8,4388,oracle true ra/dec fixed A90,TRUE_SKY_ORACLE,1.0,"[0.25, 0.5, 1.0, 2.0, 4.0]",upper_bound_only_not_deployable,"waveform,liao_time_lr,true_sky_step",0.9998333333333334,1.0,1.0,1.0,3000,1.0,1.0,1.0,1.0,1.0,1.0,1.0,90,1.0,450,1.0,900,1.0,,0.5,,0.25,
ET3,noisy,stage8_true_sky_oracle_combinations,waveform_plus_liao_time_lr_plus_true_sky_step,PM,fresh50_mixed_SIS_PM_unlensed_full_catalog,full_catalog,6000,9000,3000,1500,3000,1500,6000,3000,50,inceptiontime,bandpass,GW-LMC ET BBH Any_Detected_SNR8,4388,oracle true ra/dec fixed A90,TRUE_SKY_ORACLE,1.0,"[0.25, 0.5, 1.0, 2.0, 4.0]",upper_bound_only_not_deployable,"waveform,liao_time_lr,true_sky_step",0.9998333333333334,1.0,1.0,1.0,3000,1.0,1.0,1.0,1.0,1.0,1.0,1.0,90,1.0,450,1.0,900,1.0,,0.5,,0.25,
ET3,noisy,stage8_true_sky_oracle_combinations,waveform_plus_liao_time_lr_plus_true_sky_step,macro,fresh50_mixed_SIS_PM_unlensed_full_catalog,full_catalog,6000,9000,3000,1500,3000,1500,6000,3000,50,inceptiontime,bandpass,GW-LMC ET BBH Any_Detected_SNR8,4388,oracle true ra/dec fixed A90,TRUE_SKY_ORACLE,1.0,"[0.25, 0.5, 1.0, 2.0, 4.0]",upper_bound_only_not_deployable,"waveform,liao_time_lr,true_sky_step",0.9998333333333334,1.0,1.0,1.0,6000,1.0,1.0,1.0,1.0,1.0,1.0,1.0,90,1.0,450,1.0,900,1.0,,0.5,,0.25,
ET3,noisy,stage8_true_sky_oracle_combinations,waveform_plus_liao_time_lr_plus_true_sky_log_overlap,overall,fresh50_mixed_SIS_PM_unlensed_full_catalog,full_catalog,6000,9000,3000,1500,3000,1500,6000,3000,50,inceptiontime,bandpass,GW-LMC ET BBH Any_Detected_SNR8,4388,oracle true ra/dec fixed A90,TRUE_SKY_ORACLE,1.0,"[0.25, 0.5, 1.0, 2.0, 4.0]",upper_bound_only_not_deployable,"waveform,liao_time_lr,true_sky_log_overlap",0.947,0.987,0.9925,1.0,6000,0.9456666666666667,0.9861666666666666,0.9928333333333333,0.9981666666666666,0.9988333333333334,1.0,1.0,90,0.9986666666666667,450,1.0,900,1.0,,1.0,,,4.0
ET3,noisy,stage8_true_sky_oracle_combinations,waveform_plus_liao_time_lr_plus_true_sky_log_overlap,SIS,fresh50_mixed_SIS_PM_unlensed_full_catalog,full_catalog,6000,9000,3000,1500,3000,1500,6000,3000,50,inceptiontime,bandpass,GW-LMC ET BBH Any_Detected_SNR8,4388,oracle true ra/dec fixed A90,TRUE_SKY_ORACLE,1.0,"[0.25, 0.5, 1.0, 2.0, 4.0]",upper_bound_only_not_deployable,"waveform,liao_time_lr,true_sky_log_overlap",0.947,0.987,0.9925,1.0,3000,0.9103333333333333,0.976,0.9866666666666667,0.9963333333333333,0.9976666666666667,1.0,1.0,90,0.9973333333333333,450,1.0,900,1.0,,1.0,,,4.0
ET3,noisy,stage8_true_sky_oracle_combinations,waveform_plus_liao_time_lr_plus_true_sky_log_overlap,PM,fresh50_mixed_SIS_PM_unlensed_full_catalog,full_catalog,6000,9000,3000,1500,3000,1500,6000,3000,50,inceptiontime,bandpass,GW-LMC ET BBH Any_Detected_SNR8,4388,oracle true ra/dec fixed A90,TRUE_SKY_ORACLE,1.0,"[0.25, 0.5, 1.0, 2.0, 4.0]",upper_bound_only_not_deployable,"waveform,liao_time_lr,true_sky_log_overlap",0.947,0.987,0.9925,1.0,3000,0.981,0.9963333333333333,0.999,1.0,1.0,1.0,1.0,90,1.0,450,1.0,900,1.0,,1.0,,,4.0
ET3,noisy,stage8_true_sky_oracle_combinations,waveform_plus_liao_time_lr_plus_true_sky_log_overlap,macro,fresh50_mixed_SIS_PM_unlensed_full_catalog,full_catalog,6000,9000,3000,1500,3000,1500,6000,3000,50,inceptiontime,bandpass,GW-LMC ET BBH Any_Detected_SNR8,4388,oracle true ra/dec fixed A90,TRUE_SKY_ORACLE,1.0,"[0.25, 0.5, 1.0, 2.0, 4.0]",upper_bound_only_not_deployable,"waveform,liao_time_lr,true_sky_log_overlap",0.947,0.987,0.9925,1.0,6000,0.9456666666666667,0.9861666666666666,0.9928333333333333,0.9981666666666666,0.9988333333333334,1.0,1.0,90,0.9986666666666666,450,1.0,900,1.0,,1.0,,,4.0
