detector,data_mode,family,variant,method,features,oracle_feature,sky_sigma_rad,sky_val_mean_angular_error_rad,train_examples,train_positive,val_auc_sampled,waveform_r@1,waveform_r@5,waveform_r@10,waveform_median_true_rank,r@1,r@5,r@10,r@50,r@100,r@500,median_rank,valid
ET,pure,SIS,waveform_only,unified_catalog_rerank_hgb,"waveform_score,waveform_reciprocal_rank",False,,,1503000,3000,0.9995016054444444,0.9416666666666667,0.9806666666666667,0.9873333333333333,1.0,0.976,0.9843333333333333,0.9893333333333333,0.9936666666666667,0.995,0.9986666666666667,1.0,3000
ET,pure,SIS,trigger_time_only,unified_catalog_rerank_hgb,"log1p_delta_time_obs,waveform_score,waveform_reciprocal_rank",False,,,1503000,3000,0.9999277236666666,0.9416666666666667,0.9806666666666667,0.9873333333333333,1.0,0.874,0.9833333333333333,0.9923333333333333,0.997,0.9973333333333333,0.9993333333333333,1.0,3000
ET,pure,SIS,trigger_time_plus_real_sky_sep,unified_catalog_rerank_hgb,"log1p_delta_time_obs,waveform_score,waveform_reciprocal_rank,oracle_sky_sep_from_ra_dec",True,,,1503000,3000,0.9999999986666666,0.9416666666666667,0.9806666666666667,0.9873333333333333,1.0,0.9976666666666667,1.0,1.0,1.0,1.0,1.0,1.0,3000
ET,pure,SIS,trigger_time_plus_real_sky_overlap,unified_catalog_rerank_hgb,"log1p_delta_time_obs,waveform_score,waveform_reciprocal_rank,oracle_log_sky_map_overlap_from_true_ra_dec",True,0.08,,1503000,3000,0.9999985912222222,0.9416666666666667,0.9806666666666667,0.9873333333333333,1.0,0.9983333333333333,0.999,0.999,0.999,0.999,0.999,1.0,3000
ET,pure,SIS,trigger_time_plus_predicted_sky_overlap,unified_catalog_rerank_hgb,"log1p_delta_time_obs,waveform_score,waveform_reciprocal_rank,predicted_log_sky_map_overlap",False,1.5625288486480713,1.5711166858673096,1503000,3000,0.9999629931111111,0.9416666666666667,0.9806666666666667,0.9873333333333333,1.0,0.9166666666666666,0.985,0.9896666666666667,0.9963333333333333,0.9976666666666667,0.9993333333333333,1.0,3000
ET,pure,PM,waveform_only,unified_catalog_rerank_hgb,"waveform_score,waveform_reciprocal_rank",False,,,1503000,3000,0.9993030737777779,0.9356666666666666,0.974,0.98,1.0,0.973,0.9776666666666667,0.981,0.9926666666666667,0.9946666666666667,0.998,1.0,3000
ET,pure,PM,trigger_time_only,unified_catalog_rerank_hgb,"log1p_delta_time_obs,waveform_score,waveform_reciprocal_rank",False,,,1503000,3000,0.9999980491111111,0.9356666666666666,0.974,0.98,1.0,0.9953333333333333,0.9976666666666667,0.9976666666666667,0.9976666666666667,0.9976666666666667,0.9976666666666667,1.0,3000
ET,pure,PM,trigger_time_plus_real_sky_sep,unified_catalog_rerank_hgb,"log1p_delta_time_obs,waveform_score,waveform_reciprocal_rank,oracle_sky_sep_from_ra_dec",True,,,1503000,3000,1.0,0.9356666666666666,0.974,0.98,1.0,1.0,1.0,1.0,1.0,1.0,1.0,1.0,3000
ET,pure,PM,trigger_time_plus_real_sky_overlap,unified_catalog_rerank_hgb,"log1p_delta_time_obs,waveform_score,waveform_reciprocal_rank,oracle_log_sky_map_overlap_from_true_ra_dec",True,0.08,,1503000,3000,0.9999999999999999,0.9356666666666666,0.974,0.98,1.0,1.0,1.0,1.0,1.0,1.0,1.0,1.0,3000
ET,pure,PM,trigger_time_plus_predicted_sky_overlap,unified_catalog_rerank_hgb,"log1p_delta_time_obs,waveform_score,waveform_reciprocal_rank,predicted_log_sky_map_overlap",False,1.5592169761657715,1.570056438446045,1503000,3000,0.9999974867777778,0.9356666666666666,0.974,0.98,1.0,0.9943333333333333,0.998,0.9986666666666667,0.9986666666666667,0.9986666666666667,0.9986666666666667,1.0,3000
ET,noisy,SIS,waveform_only,unified_catalog_rerank_hgb,"waveform_score,waveform_reciprocal_rank",False,,,1503000,3000,0.9778985635555557,0.407,0.5913333333333334,0.6576666666666666,3.0,0.6396666666666667,0.654,0.6666666666666666,0.8016666666666666,0.844,0.91,1.0,3000
ET,noisy,SIS,trigger_time_only,unified_catalog_rerank_hgb,"log1p_delta_time_obs,waveform_score,waveform_reciprocal_rank",False,,,1503000,3000,0.9961439212222224,0.407,0.5913333333333334,0.6576666666666666,3.0,0.5683333333333334,0.7206666666666667,0.7796666666666666,0.8746666666666667,0.9143333333333333,0.9743333333333334,1.0,3000
ET,noisy,SIS,trigger_time_plus_real_sky_sep,unified_catalog_rerank_hgb,"log1p_delta_time_obs,waveform_score,waveform_reciprocal_rank,oracle_sky_sep_from_ra_dec",True,,,1503000,3000,0.999987432,0.407,0.5913333333333334,0.6576666666666666,3.0,0.965,0.998,0.9996666666666667,0.9996666666666667,0.9996666666666667,0.9996666666666667,1.0,3000
ET,noisy,SIS,trigger_time_plus_real_sky_overlap,unified_catalog_rerank_hgb,"log1p_delta_time_obs,waveform_score,waveform_reciprocal_rank,oracle_log_sky_map_overlap_from_true_ra_dec",True,0.08,,1503000,3000,0.9999904471111112,0.407,0.5913333333333334,0.6576666666666666,3.0,0.963,0.998,0.9993333333333333,0.9993333333333333,0.9993333333333333,0.9993333333333333,1.0,3000
ET,noisy,SIS,trigger_time_plus_predicted_sky_overlap,unified_catalog_rerank_hgb,"log1p_delta_time_obs,waveform_score,waveform_reciprocal_rank,predicted_log_sky_map_overlap",False,1.5387144088745117,1.5505987405776978,1503000,3000,0.9983467086666666,0.407,0.5913333333333334,0.6576666666666666,3.0,0.512,0.7116666666666667,0.7793333333333333,0.8773333333333333,0.912,0.9766666666666667,1.0,3000
ET,noisy,PM,waveform_only,unified_catalog_rerank_hgb,"waveform_score,waveform_reciprocal_rank",False,,,1503000,3000,0.9643270903333333,0.304,0.463,0.5406666666666666,7.0,0.539,0.5546666666666666,0.5746666666666667,0.7386666666666667,0.7906666666666666,0.8813333333333333,1.0,3000
ET,noisy,PM,trigger_time_only,unified_catalog_rerank_hgb,"log1p_delta_time_obs,waveform_score,waveform_reciprocal_rank",False,,,1503000,3000,0.9999322705555556,0.304,0.463,0.5406666666666666,7.0,0.8616666666666667,0.9636666666666667,0.995,1.0,1.0,1.0,1.0,3000
ET,noisy,PM,trigger_time_plus_real_sky_sep,unified_catalog_rerank_hgb,"log1p_delta_time_obs,waveform_score,waveform_reciprocal_rank,oracle_sky_sep_from_ra_dec",True,,,1503000,3000,0.9999999995555556,0.304,0.463,0.5406666666666666,7.0,0.998,1.0,1.0,1.0,1.0,1.0,1.0,3000
ET,noisy,PM,trigger_time_plus_real_sky_overlap,unified_catalog_rerank_hgb,"log1p_delta_time_obs,waveform_score,waveform_reciprocal_rank,oracle_log_sky_map_overlap_from_true_ra_dec",True,0.08,,1503000,3000,0.9999999973333333,0.304,0.463,0.5406666666666666,7.0,0.9983333333333333,1.0,1.0,1.0,1.0,1.0,1.0,3000
ET,noisy,PM,trigger_time_plus_predicted_sky_overlap,unified_catalog_rerank_hgb,"log1p_delta_time_obs,waveform_score,waveform_reciprocal_rank,predicted_log_sky_map_overlap",False,1.5686769485473633,1.57159423828125,1503000,3000,0.9999301374444444,0.304,0.463,0.5406666666666666,7.0,0.8596666666666667,0.9656666666666667,0.9933333333333333,1.0,1.0,1.0,1.0,3000
LIGO,pure,SIS,waveform_only,unified_catalog_rerank_hgb,"waveform_score,waveform_reciprocal_rank",False,,,1503000,3000,0.999358977,0.9543333333333334,0.9833333333333333,0.9886666666666667,1.0,0.983,0.9876666666666667,0.9886666666666667,0.9946666666666667,0.9976666666666667,0.9986666666666667,1.0,3000
LIGO,pure,SIS,trigger_time_only,unified_catalog_rerank_hgb,"log1p_delta_time_obs,waveform_score,waveform_reciprocal_rank",False,,,1503000,3000,0.9999377015555554,0.9543333333333334,0.9833333333333333,0.9886666666666667,1.0,0.859,0.9903333333333333,0.9956666666666667,0.9976666666666667,0.9986666666666667,1.0,1.0,3000
LIGO,pure,SIS,trigger_time_plus_real_sky_sep,unified_catalog_rerank_hgb,"log1p_delta_time_obs,waveform_score,waveform_reciprocal_rank,oracle_sky_sep_from_ra_dec",True,,,1503000,3000,0.9999999644444444,0.9543333333333334,0.9833333333333333,0.9886666666666667,1.0,0.9956666666666667,0.998,0.998,0.998,0.998,0.998,1.0,3000
LIGO,pure,SIS,trigger_time_plus_real_sky_overlap,unified_catalog_rerank_hgb,"log1p_delta_time_obs,waveform_score,waveform_reciprocal_rank,oracle_log_sky_map_overlap_from_true_ra_dec",True,0.08,,1503000,3000,0.9999999377777778,0.9543333333333334,0.9833333333333333,0.9886666666666667,1.0,0.9966666666666667,0.998,0.998,0.998,0.998,0.998,1.0,3000
LIGO,pure,SIS,trigger_time_plus_predicted_sky_overlap,unified_catalog_rerank_hgb,"log1p_delta_time_obs,waveform_score,waveform_reciprocal_rank,predicted_log_sky_map_overlap",False,1.5232148170471191,1.5358487367630005,1503000,3000,0.9999512668888888,0.9543333333333334,0.9833333333333333,0.9886666666666667,1.0,0.8886666666666667,0.9913333333333333,0.9953333333333333,0.9973333333333333,0.9983333333333333,0.9993333333333333,1.0,3000
LIGO,pure,PM,waveform_only,unified_catalog_rerank_hgb,"waveform_score,waveform_reciprocal_rank",False,,,1503000,3000,0.9993498078888889,0.9546666666666667,0.9843333333333333,0.9883333333333333,1.0,0.981,0.986,0.9903333333333333,0.9953333333333333,0.9966666666666667,0.9993333333333333,1.0,3000
LIGO,pure,PM,trigger_time_only,unified_catalog_rerank_hgb,"log1p_delta_time_obs,waveform_score,waveform_reciprocal_rank",False,,,1503000,3000,0.9999996008888891,0.9546666666666667,0.9843333333333333,0.9883333333333333,1.0,0.998,1.0,1.0,1.0,1.0,1.0,1.0,3000
LIGO,pure,PM,trigger_time_plus_real_sky_sep,unified_catalog_rerank_hgb,"log1p_delta_time_obs,waveform_score,waveform_reciprocal_rank,oracle_sky_sep_from_ra_dec",True,,,1503000,3000,0.9999996666666667,0.9546666666666667,0.9843333333333333,0.9883333333333333,1.0,1.0,1.0,1.0,1.0,1.0,1.0,1.0,3000
LIGO,pure,PM,trigger_time_plus_real_sky_overlap,unified_catalog_rerank_hgb,"log1p_delta_time_obs,waveform_score,waveform_reciprocal_rank,oracle_log_sky_map_overlap_from_true_ra_dec",True,0.08,,1503000,3000,0.9999996597777778,0.9546666666666667,0.9843333333333333,0.9883333333333333,1.0,1.0,1.0,1.0,1.0,1.0,1.0,1.0,3000
LIGO,pure,PM,trigger_time_plus_predicted_sky_overlap,unified_catalog_rerank_hgb,"log1p_delta_time_obs,waveform_score,waveform_reciprocal_rank,predicted_log_sky_map_overlap",False,1.53810715675354,1.5250962972640991,1503000,3000,0.9999993051111112,0.9546666666666667,0.9843333333333333,0.9883333333333333,1.0,0.9963333333333333,0.9973333333333333,0.9973333333333333,0.9973333333333333,0.9973333333333333,0.9973333333333333,1.0,3000
LIGO,noisy,SIS,waveform_only,unified_catalog_rerank_hgb,"waveform_score,waveform_reciprocal_rank",False,,,1503000,3000,0.6953304365555555,0.010333333333333333,0.024333333333333332,0.04,1180.0,0.08333333333333333,0.08633333333333333,0.091,0.12366666666666666,0.169,0.3363333333333333,1123.0,3000
LIGO,noisy,SIS,trigger_time_only,unified_catalog_rerank_hgb,"log1p_delta_time_obs,waveform_score,waveform_reciprocal_rank",False,,,1503000,3000,0.9610751818888889,0.010333333333333333,0.024333333333333332,0.04,1180.0,0.08566666666666667,0.17133333333333334,0.224,0.408,0.542,0.8453333333333334,81.0,3000
LIGO,noisy,SIS,trigger_time_plus_real_sky_sep,unified_catalog_rerank_hgb,"log1p_delta_time_obs,waveform_score,waveform_reciprocal_rank,oracle_sky_sep_from_ra_dec",True,,,1503000,3000,0.9999295512222222,0.010333333333333333,0.024333333333333332,0.04,1180.0,0.8093333333333333,0.9843333333333333,0.9983333333333333,0.9993333333333333,0.9993333333333333,0.9993333333333333,1.0,3000
LIGO,noisy,SIS,trigger_time_plus_real_sky_overlap,unified_catalog_rerank_hgb,"log1p_delta_time_obs,waveform_score,waveform_reciprocal_rank,oracle_log_sky_map_overlap_from_true_ra_dec",True,0.08,,1503000,3000,0.9999102811111111,0.010333333333333333,0.024333333333333332,0.04,1180.0,0.791,0.981,0.998,1.0,1.0,1.0,1.0,3000
LIGO,noisy,SIS,trigger_time_plus_predicted_sky_overlap,unified_catalog_rerank_hgb,"log1p_delta_time_obs,waveform_score,waveform_reciprocal_rank,predicted_log_sky_map_overlap",False,1.5356411933898926,1.5497928857803345,1503000,3000,0.9731479026666666,0.010333333333333333,0.024333333333333332,0.04,1180.0,0.07966666666666666,0.15766666666666668,0.20866666666666667,0.39866666666666667,0.515,0.8286666666666667,93.0,3000
LIGO,noisy,PM,waveform_only,unified_catalog_rerank_hgb,"waveform_score,waveform_reciprocal_rank",False,,,1503000,3000,0.6578124068888889,0.006666666666666667,0.017,0.028333333333333332,1445.0,0.05333333333333334,0.057,0.059333333333333335,0.09633333333333334,0.125,0.278,1430.5,3000
LIGO,noisy,PM,trigger_time_only,unified_catalog_rerank_hgb,"log1p_delta_time_obs,waveform_score,waveform_reciprocal_rank",False,,,1503000,3000,0.9994503915555557,0.006666666666666667,0.017,0.028333333333333332,1445.0,0.26566666666666666,0.6913333333333334,0.943,1.0,1.0,1.0,3.0,3000
LIGO,noisy,PM,trigger_time_plus_real_sky_sep,unified_catalog_rerank_hgb,"log1p_delta_time_obs,waveform_score,waveform_reciprocal_rank,oracle_sky_sep_from_ra_dec",True,,,1503000,3000,1.0,0.006666666666666667,0.017,0.028333333333333332,1445.0,0.9983333333333333,1.0,1.0,1.0,1.0,1.0,1.0,3000
LIGO,noisy,PM,trigger_time_plus_real_sky_overlap,unified_catalog_rerank_hgb,"log1p_delta_time_obs,waveform_score,waveform_reciprocal_rank,oracle_log_sky_map_overlap_from_true_ra_dec",True,0.08,,1503000,3000,1.0,0.006666666666666667,0.017,0.028333333333333332,1445.0,0.9953333333333333,1.0,1.0,1.0,1.0,1.0,1.0,3000
LIGO,noisy,PM,trigger_time_plus_predicted_sky_overlap,unified_catalog_rerank_hgb,"log1p_delta_time_obs,waveform_score,waveform_reciprocal_rank,predicted_log_sky_map_overlap",False,1.522367238998413,1.5335662364959717,1503000,3000,0.9994927984444444,0.006666666666666667,0.017,0.028333333333333332,1445.0,0.254,0.6766666666666666,0.932,1.0,1.0,1.0,4.0,3000
