event_name,catalog,gps_trigger_time,ra_median,dec_median,sky_area_90_deg2,network_snr,chirp_mass_median,mass_ratio_median,luminosity_distance_median,p_astro,far_hz,pipeline,source_path,skymap_file
GW240406_062847,GWTC-5.0-search,1396420145.896816,3.212155769832532,0.7297276562269662,1724.7484409089482,11.21346892591891,23.47207222855139,0.4157502529020839,,0.9999993055848558,5.962541089173397e-14,gstlal,SearchSummaryTable + Archived_SearchResults skymap,data/gwtc5_raw/selected_skymaps/IGWN-GWTC5p0-59d160a18_25-GW240406_062847-gstlal_Skymap_SearchResultDataRelease.fits
GW240413_022019,GWTC-5.0-search,1397010037.835562,2.8938547563462618,0.17669931908032122,60.586510013681114,17.11228214007639,6.410462572462584,0.9590674770125209,,0.9998838204793977,2.326397034955018e-33,gstlal,SearchSummaryTable + Archived_SearchResults skymap,data/gwtc5_raw/selected_skymaps/IGWN-GWTC5p0-59d160a18_25-GW240413_022019-gstlal_Skymap_SearchResultDataRelease.fits
GW240414_054515,GWTC-5.0-search,1397108733.2006836,5.0682725231741586,0.6084722604164648,387.5438406762563,10.80815618460237,32.03651047022337,0.8696650735085956,,0.9999967284926806,1.685729763700294e-12,pycbc,SearchSummaryTable + Archived_SearchResults skymap,data/gwtc5_raw/selected_skymaps/IGWN-GWTC5p0-59d160a18_25-GW240414_054515-pycbc_Skymap_SearchResultDataRelease.fits
GW240420_175625,GWTC-5.0-search,1397671003.5180664,6.269643959534802,0.8128320761011001,24222.014600794282,9.94214916229248,34.86604725974014,0.8392822562215478,,0.980747798812809,2.473542926040295e-09,pycbc,SearchSummaryTable + Archived_SearchResults skymap,data/gwtc5_raw/selected_skymaps/IGWN-GWTC5p0-59d160a18_25-GW240420_175625-pycbc_Skymap_SearchResultDataRelease.fits
GW240426_031451,GWTC-5.0-search,1398136509.9663086,0.15033011721279282,-0.03125508849949532,3842.286307776723,9.827547998725942,62.61156809638599,0.9372414247752879,,0.9999969513179574,1.212771281495001e-12,pycbc,SearchSummaryTable + Archived_SearchResults skymap,data/gwtc5_raw/selected_skymaps/IGWN-GWTC5p0-59d160a18_25-GW240426_031451-pycbc_Skymap_SearchResultDataRelease.fits
GW240428_225440,GWTC-5.0-search,1398380098.0773304,3.004688386575559,1.3967522747741126,341.3302343368165,15.46654312358786,17.43091324942379,0.7158027617609843,,1.0,1.855496984843802e-25,gstlal,SearchSummaryTable + Archived_SearchResults skymap,data/gwtc5_raw/selected_skymaps/IGWN-GWTC5p0-59d160a18_25-GW240428_225440-gstlal_Skymap_SearchResultDataRelease.fits
GW240501_033534,GWTC-5.0-search,1398569752.9339333,0.034966356589612425,-1.1008248761600474,1480.7238135638013,10.2376377688057,46.62292898748619,0.8114202812128627,,0.9999985056434274,1.326501591760067e-13,gstlal,SearchSummaryTable + Archived_SearchResults skymap,data/gwtc5_raw/selected_skymaps/IGWN-GWTC5p0-59d160a18_25-GW240501_033534-gstlal_Skymap_SearchResultDataRelease.fits
GW240505_133552,GWTC-5.0-search,1398951370.5819712,5.973321188026686,0.44126466658053287,1946.3219632446962,8.719397134139955,34.76089965736463,0.7463527682427062,,0.9846621496042265,3.962742027088671e-09,gstlal,SearchSummaryTable + Archived_SearchResults skymap,data/gwtc5_raw/selected_skymaps/IGWN-GWTC5p0-59d160a18_25-GW240505_133552-gstlal_Skymap_SearchResultDataRelease.fits
GW240507_041632,GWTC-5.0-search,1399090610.3581543,2.147094979157959,1.0745462286006209,2267.771429360573,9.404832020344811,20.2144090480122,0.7064010141823361,,0.9999717542535409,7.786716632327961e-12,pycbc,SearchSummaryTable + Archived_SearchResults skymap,data/gwtc5_raw/selected_skymaps/IGWN-GWTC5p0-59d160a18_25-GW240507_041632-pycbc_Skymap_SearchResultDataRelease.fits
GW240511_031507,GWTC-5.0-search,1399432525.973179,2.9437091319525455,-0.3130299011397095,111.67851066591089,15.93245576779214,41.08604501884961,0.7463528286725556,,1.0,5.057320743501226e-31,gstlal,SearchSummaryTable + Archived_SearchResults skymap,data/gwtc5_raw/selected_skymaps/IGWN-GWTC5p0-59d160a18_25-GW240511_031507-gstlal_Skymap_SearchResultDataRelease.fits
GW240512_024139,GWTC-5.0-search,1399516917.146024,3.607155822713085,0.24327802797391285,372.6463784737582,11.570054,10.495718,0.46343854091097947,,0.999999974,1.018844e-15,MBTA,SearchSummaryTable + Archived_SearchResults skymap,data/gwtc5_raw/selected_skymaps/IGWN-GWTC5p0-59d160a18_25-GW240512_024139-mbta_Skymap_SearchResultDataRelease.fits
GW240513_183302,GWTC-5.0-search,1399660400.8850012,1.2406069622025122,0.5685508696915178,267.10520258845384,14.46704040545652,24.40236099761511,0.8460512928024809,,1.0,2.007871527358104e-27,gstlal,SearchSummaryTable + Archived_SearchResults skymap,data/gwtc5_raw/selected_skymaps/IGWN-GWTC5p0-59d160a18_25-GW240513_183302-gstlal_Skymap_SearchResultDataRelease.fits
GW240514_121713,GWTC-5.0-search,1399724251.730413,1.2051178241121396,-0.8606713963627617,493.5046633841662,15.58299242040466,50.56468582785686,0.6865030975580024,,1.0,2.000632981151497e-31,gstlal,SearchSummaryTable + Archived_SearchResults skymap,data/gwtc5_raw/selected_skymaps/IGWN-GWTC5p0-59d160a18_25-GW240514_121713-gstlal_Skymap_SearchResultDataRelease.fits
GW240515_005301,GWTC-5.0-search,1399769599.1100037,4.967029791173706,-0.23122147945734883,1379.588929315856,11.58023427153345,35.87554774121834,0.4914008331198,,0.9999999956099324,2.186711735593634e-16,gstlal,SearchSummaryTable + Archived_SearchResults skymap,data/gwtc5_raw/selected_skymaps/IGWN-GWTC5p0-59d160a18_25-GW240515_005301-gstlal_Skymap_SearchResultDataRelease.fits
GW240519_012815,GWTC-5.0-search,1400117313.9882812,6.061000300428993,0.8265456310335361,5032.404696686158,10.57959526790372,62.61156809638599,0.9372414247752879,,0.991996412925968,4.58203999767931e-10,pycbc,SearchSummaryTable + Archived_SearchResults skymap,data/gwtc5_raw/selected_skymaps/IGWN-GWTC5p0-59d160a18_25-GW240519_012815-pycbc_Skymap_SearchResultDataRelease.fits
GW240520_213616,GWTC-5.0-search,1400276194.963666,2.660508308488792,1.0034719788195066,585.6171409460917,11.915851,10.476476,0.4547126317234433,,0.999999999,3.794659e-17,MBTA,SearchSummaryTable + Archived_SearchResults skymap,data/gwtc5_raw/selected_skymaps/IGWN-GWTC5p0-59d160a18_25-GW240520_213616-mbta_Skymap_SearchResultDataRelease.fits
GW240525_031210,GWTC-5.0-search,1400641948.639091,0.7568382301829957,-0.7593285529240275,2021.858391313701,9.125762811859097,37.857165273362,0.8821602704064736,,0.9662559374386362,9.15171286486061e-09,gstlal,SearchSummaryTable + Archived_SearchResults skymap,data/gwtc5_raw/selected_skymaps/IGWN-GWTC5p0-59d160a18_25-GW240525_031210-gstlal_Skymap_SearchResultDataRelease.fits
GW240526_093944,GWTC-5.0-search,1400751602.6720355,3.593439004383881,-0.9131472324572587,1256.422586881117,9.672138,12.98979,0.5473039592878715,,0.970642828,4.559906e-09,MBTA,SearchSummaryTable + Archived_SearchResults skymap,data/gwtc5_raw/selected_skymaps/IGWN-GWTC5p0-59d160a18_25-GW240526_093944-mbta_Skymap_SearchResultDataRelease.fits
GW240527_183429,GWTC-5.0-search,1400870087.0561523,0.3223096236583868,0.8810429789321017,3291.709676518197,9.860593125736466,78.7359663485427,0.9082951837437537,,0.9999946411328908,5.31855939708095e-12,pycbc,SearchSummaryTable + Archived_SearchResults skymap,data/gwtc5_raw/selected_skymaps/IGWN-GWTC5p0-59d160a18_25-GW240527_183429-pycbc_Skymap_SearchResultDataRelease.fits
GW240527_230910,GWTC-5.0-search,1400886568.3630586,0.9665450680414617,-0.8222641212395243,65.56981603212242,10.99141,17.205004,0.19863967651514342,,0.99999235,4.553865e-13,MBTA,SearchSummaryTable + Archived_SearchResults skymap,data/gwtc5_raw/selected_skymaps/IGWN-GWTC5p0-59d160a18_25-GW240527_230910-mbta_Skymap_SearchResultDataRelease.fits
GW240530_012417,GWTC-5.0-search,1401067475.977979,5.65885512651013,0.05210690963834175,1367.8388182828996,10.611421,11.094365,0.5366520354060723,,0.999999806,8.582917e-15,MBTA,SearchSummaryTable + Archived_SearchResults skymap,data/gwtc5_raw/selected_skymaps/IGWN-GWTC5p0-59d160a18_25-GW240530_012417-mbta_Skymap_SearchResultDataRelease.fits
GW240531_040326,GWTC-5.0-search,1401163424.550537,3.3210155098831757,0.8128320761011001,1543.461013543336,8.741305523784774,21.46755613411357,0.6873076137601258,,0.9510969070471298,2.753399431116607e-08,pycbc,SearchSummaryTable + Archived_SearchResults skymap,data/gwtc5_raw/selected_skymaps/IGWN-GWTC5p0-59d160a18_25-GW240531_040326-pycbc_Skymap_SearchResultDataRelease.fits
GW240531_075248,GWTC-5.0-search,1401177186.4545898,4.970097752749477,0.4441466712053621,2337.4328019131,9.234457780832274,38.69538387368516,0.7914226727470851,,0.9999285248501353,1.225612801643909e-10,pycbc,SearchSummaryTable + Archived_SearchResults skymap,data/gwtc5_raw/selected_skymaps/IGWN-GWTC5p0-59d160a18_25-GW240531_075248-pycbc_Skymap_SearchResultDataRelease.fits
GW240601_061200,GWTC-5.0-search,1401257538.3422,4.479223900626073,0.5235987755982987,712.5603047842806,9.957609652923738,57.50732,,,0.9886,2.60760091e-09,CWB,SearchSummaryTable + Archived_SearchResults skymap,data/gwtc5_raw/selected_skymaps/IGWN-GWTC5p0-59d160a18_25-GW240601_061200-cwb_Skymap_SearchResultDataRelease.fits
GW240601_231004,GWTC-5.0-search,1401318622.028625,5.7708357240257815,-0.22453827340328592,1048.0679394574447,10.379693,9.701271,0.6566948228724798,,0.999986956,8.133154e-13,MBTA,SearchSummaryTable + Archived_SearchResults skymap,data/gwtc5_raw/selected_skymaps/IGWN-GWTC5p0-59d160a18_25-GW240601_231004-mbta_Skymap_SearchResultDataRelease.fits
GW240612_081540,GWTC-5.0-search,1402215358.6706152,6.050884441949355,-1.343859444550489,3654.284531249421,8.44269,42.740727,0.1848772832107209,,0.880644353,1.773497e-08,MBTA,SearchSummaryTable + Archived_SearchResults skymap,data/gwtc5_raw/selected_skymaps/IGWN-GWTC5p0-59d160a18_25-GW240612_081540-mbta_Skymap_SearchResultDataRelease.fits
GW240615_113620,GWTC-5.0-search,1402486598.715313,0.12903266181542863,0.7969289071771606,8.63882326223213,25.77092755112024,33.39608805049227,0.882160317163195,,1.0,2.957499751738942e-50,gstlal,SearchSummaryTable + Archived_SearchResults skymap,data/gwtc5_raw/selected_skymaps/IGWN-GWTC5p0-59d160a18_25-GW240615_113620-gstlal_Skymap_SearchResultDataRelease.fits
GW240615_160735,GWTC-5.0-search,1402502873.351233,4.0481752992302065,-0.48787514754029315,1148.1537066488766,10.52849098358256,31.80892214037337,0.580816844430655,,0.9999920403907318,8.931091042501224e-13,gstlal,SearchSummaryTable + Archived_SearchResults skymap,data/gwtc5_raw/selected_skymaps/IGWN-GWTC5p0-59d160a18_25-GW240615_160735-gstlal_Skymap_SearchResultDataRelease.fits
GW240618_071627,GWTC-5.0-search,1402730205.158888,1.9665633700693919,-0.38439677449563914,5558.641812233559,7.975379719225266,87.33025310595902,0.8821602679877739,,0.9804666791563418,5.089833390945448e-09,gstlal,SearchSummaryTable + Archived_SearchResults skymap,data/gwtc5_raw/selected_skymaps/IGWN-GWTC5p0-59d160a18_25-GW240618_071627-gstlal_Skymap_SearchResultDataRelease.fits
GW240621_195059,GWTC-5.0-search,1403034677.4311793,0.8440654643982045,0.7934836390267558,45.08580550368738,27.16305867643746,34.83357448660222,0.9590675372192018,,1.0,9.320284927208453e-49,gstlal,SearchSummaryTable + Archived_SearchResults skymap,data/gwtc5_raw/selected_skymaps/IGWN-GWTC5p0-59d160a18_25-GW240621_195059-gstlal_Skymap_SearchResultDataRelease.fits
GW240621_200935,GWTC-5.0-search,1403035793.5307,2.3316507975861747,0.32880963846514843,718.4353603007588,10.677602258934353,69.906723,,,0.9994,3.68569551e-11,CWB,SearchSummaryTable + Archived_SearchResults skymap,data/gwtc5_raw/selected_skymaps/IGWN-GWTC5p0-59d160a18_25-GW240621_200935-cwb_Skymap_SearchResultDataRelease.fits
GW240621_214041,GWTC-5.0-search,1403041259.7077637,5.580622106327962,-0.6037194234922412,4079.806409371483,7.923571381463768,62.61156809638599,0.9372414247752879,,0.9976132950290204,1.212220056490399e-09,pycbc,SearchSummaryTable + Archived_SearchResults skymap,data/gwtc5_raw/selected_skymaps/IGWN-GWTC5p0-59d160a18_25-GW240621_214041-pycbc_Skymap_SearchResultDataRelease.fits
GW240622_004008,GWTC-5.0-search,1403052026.3984964,2.6402130142253704,1.1351913654674495,408.3163583952327,12.73346,15.897619,0.41055614809519914,,1.0,1.482062e-20,MBTA,SearchSummaryTable + Archived_SearchResults skymap,data/gwtc5_raw/selected_skymaps/IGWN-GWTC5p0-59d160a18_25-GW240622_004008-mbta_Skymap_SearchResultDataRelease.fits
GW240627_131622,GWTC-5.0-search,1403529400.2058895,0.8774370106705868,0.7218938443544753,986.7995033570296,9.826232,10.219401,0.3604652706128431,,0.973530544,2.772029e-09,MBTA,SearchSummaryTable + Archived_SearchResults skymap,data/gwtc5_raw/selected_skymaps/IGWN-GWTC5p0-59d160a18_25-GW240627_131622-mbta_Skymap_SearchResultDataRelease.fits
GW240629_145256,GWTC-5.0-search,1403707994.8361166,0.5491651220630596,0.3075603549137731,309.279708260315,12.58472658254115,9.91623458114387,0.48123859517818235,,0.9999495543452771,4.440596198482845e-22,gstlal,SearchSummaryTable + Archived_SearchResults skymap,data/gwtc5_raw/selected_skymaps/IGWN-GWTC5p0-59d160a18_25-GW240629_145256-gstlal_Skymap_SearchResultDataRelease.fits
GW240630_101703,GWTC-5.0-search,1403777841.3740788,5.291316492579716,1.2601733846502892,1120.8766631795133,10.23620375339274,32.02910184520825,0.8821602043227099,,0.9999950981523275,4.842105146615875e-13,gstlal,SearchSummaryTable + Archived_SearchResults skymap,data/gwtc5_raw/selected_skymaps/IGWN-GWTC5p0-59d160a18_25-GW240630_101703-gstlal_Skymap_SearchResultDataRelease.fits
GW240703_191355,GWTC-5.0-search,1404069253.2837038,5.077038127676362,1.4814623105502351,11399.286289258069,10.13625469940876,36.3202531359223,0.9590674686708534,,0.9999999682755262,1.749049316580919e-15,gstlal,SearchSummaryTable + Archived_SearchResults skymap,data/gwtc5_raw/selected_skymaps/IGWN-GWTC5p0-59d160a18_25-GW240703_191355-gstlal_Skymap_SearchResultDataRelease.fits
GW240705_053215,GWTC-5.0-search,1404192753.930083,5.357118816009461,0.80424209697441,863.6331609222908,13.9528690939561,59.97342657773996,0.9590674877657196,,0.9999999999999984,3.473241455933183e-23,gstlal,SearchSummaryTable + Archived_SearchResults skymap,data/gwtc5_raw/selected_skymaps/IGWN-GWTC5p0-59d160a18_25-GW240705_053215-gstlal_Skymap_SearchResultDataRelease.fits
GW240716_034900,GWTC-5.0-search,1405136958.5084035,1.3652429012182206,-0.31234568179927513,9222.997867225517,12.86480635089379,41.17194328912976,0.959067495761531,,0.9999999961258301,1.90241078986363e-16,gstlal,SearchSummaryTable + Archived_SearchResults skymap,data/gwtc5_raw/selected_skymaps/IGWN-GWTC5p0-59d160a18_25-GW240716_034900-gstlal_Skymap_SearchResultDataRelease.fits
GW240824_205609,GWTC-5.0-search,1408568187.2924,5.8042839880348005,-1.0415738425018306,742.7748760118826,8.598242262230112,44.188446,,,0.9564,7.8022573e-09,CWB,SearchSummaryTable + Archived_SearchResults skymap,data/gwtc5_raw/selected_skymaps/IGWN-GWTC5p0-59d160a18_25-GW240824_205609-cwb_Skymap_SearchResultDataRelease.fits
GW240825_055146,GWTC-5.0-search,1408600324.9625008,4.467479875669356,1.1221153535465782,819.3604211374017,10.252844,10.789268,0.4169133533687025,,0.999987388,6.365519e-13,MBTA,SearchSummaryTable + Archived_SearchResults skymap,data/gwtc5_raw/selected_skymaps/IGWN-GWTC5p0-59d160a18_25-GW240825_055146-mbta_Skymap_SearchResultDataRelease.fits
GW240830_211120,GWTC-5.0-search,1409087498.372818,4.7062530572331465,0.5739683515524875,750.5383422300861,11.059468,10.128391,0.3596024910367393,,0.999998329,7.151633e-14,MBTA,SearchSummaryTable + Archived_SearchResults skymap,data/gwtc5_raw/selected_skymaps/IGWN-GWTC5p0-59d160a18_25-GW240830_211120-mbta_Skymap_SearchResultDataRelease.fits
GW240902_143306,GWTC-5.0-search,1409322804.7840228,1.4511458253398166,0.7106726689527763,1009.4604317777311,10.62463550830809,29.47098853131762,0.9590675714625586,,0.999997607798419,2.32106888131838e-13,gstlal,SearchSummaryTable + Archived_SearchResults skymap,data/gwtc5_raw/selected_skymaps/IGWN-GWTC5p0-59d160a18_25-GW240902_143306-gstlal_Skymap_SearchResultDataRelease.fits
GW240907_153833,GWTC-5.0-search,1409758731.7612305,5.45483568172134,-0.490825582950281,2840.169695394589,9.661263860373923,51.16419593060116,0.8662659154483279,,0.9999999667794259,2.529364534635313e-12,pycbc,SearchSummaryTable + Archived_SearchResults skymap,data/gwtc5_raw/selected_skymaps/IGWN-GWTC5p0-59d160a18_25-GW240907_153833-pycbc_Skymap_SearchResultDataRelease.fits
GW240908_082628,GWTC-5.0-search,1409819206.405312,6.091432578323353,-1.3318174305900703,717.5960666555477,11.08923854971686,44.7457110157901,0.88216031388166,,0.9999964030376043,3.665301157479626e-13,gstlal,SearchSummaryTable + Archived_SearchResults skymap,data/gwtc5_raw/selected_skymaps/IGWN-GWTC5p0-59d160a18_25-GW240908_082628-gstlal_Skymap_SearchResultDataRelease.fits
GW240908_125134,GWTC-5.0-search,1409835112.2826087,4.718524903536232,-0.0651502458482014,2434.7908647575955,8.411996377598369,57.51856288292748,0.9590674652601759,,0.9660932293650945,9.197298828274649e-09,gstlal,SearchSummaryTable + Archived_SearchResults skymap,data/gwtc5_raw/selected_skymaps/IGWN-GWTC5p0-59d160a18_25-GW240908_125134-gstlal_Skymap_SearchResultDataRelease.fits
GW240910_103535,GWTC-5.0-search,1409999753.4980917,4.310486013958651,-0.355070267017646,432.8656975176593,17.81883311932785,8.238957237613196,0.523193226085702,,0.9998750182974377,3.548959270935313e-42,gstlal,SearchSummaryTable + Archived_SearchResults skymap,data/gwtc5_raw/selected_skymaps/IGWN-GWTC5p0-59d160a18_25-GW240910_103535-gstlal_Skymap_SearchResultDataRelease.fits
GW240915_001357,GWTC-5.0-search,1410394455.7210612,1.9597819420000158,-0.8827372180161119,863.8429843335937,14.95986315649805,9.676401228625469,0.6056058141682928,,0.9999419078808575,5.306349269610347e-30,gstlal,SearchSummaryTable + Archived_SearchResults skymap,data/gwtc5_raw/selected_skymaps/IGWN-GWTC5p0-59d160a18_25-GW240915_001357-gstlal_Skymap_SearchResultDataRelease.fits
GW240915_105151,GWTC-5.0-search,1410432729.059079,0.052155346788111796,0.29052820388964573,6907.3867000879045,13.77168328699969,9.107368291496954,0.46154030898633813,,0.9999163866471275,2.225057016565765e-14,gstlal,SearchSummaryTable + Archived_SearchResults skymap,data/gwtc5_raw/selected_skymaps/IGWN-GWTC5p0-59d160a18_25-GW240915_105151-gstlal_Skymap_SearchResultDataRelease.fits
GW240916_184352,GWTC-5.0-search,1410547450.3135471,3.583379120500858,0.23255937338378185,1145.635825713243,9.792401,9.772324,0.7082458984151258,,0.990974981,8.934496e-10,MBTA,SearchSummaryTable + Archived_SearchResults skymap,data/gwtc5_raw/selected_skymaps/IGWN-GWTC5p0-59d160a18_25-GW240916_184352-mbta_Skymap_SearchResultDataRelease.fits
GW240919_061559,GWTC-5.0-search,1410761777.1947792,0.9280583766708129,0.638546102821751,25.008327834651492,16.51062468112001,37.857165273362,0.8821602704064736,,1.0,7.612484061910621e-35,gstlal,SearchSummaryTable + Archived_SearchResults skymap,data/gwtc5_raw/selected_skymaps/IGWN-GWTC5p0-59d160a18_25-GW240919_061559-gstlal_Skymap_SearchResultDataRelease.fits
GW240920_073424,GWTC-5.0-search,1410852882.4691916,0.269476789200884,1.0200631339646904,610.1664800685184,13.130704,18.565806,0.5001872561544168,,1.0,1.925486e-20,MBTA,SearchSummaryTable + Archived_SearchResults skymap,data/gwtc5_raw/selected_skymaps/IGWN-GWTC5p0-59d160a18_25-GW240920_073424-mbta_Skymap_SearchResultDataRelease.fits
GW240920_124024,GWTC-5.0-search,1410871242.87651,1.8461458782203692,0.4615232462470016,196.91927150767003,36.58555701936487,36.3202531359223,0.9590674686708534,,1.0,7.298573544865708e-53,gstlal,SearchSummaryTable + Archived_SearchResults skymap,data/gwtc5_raw/selected_skymaps/IGWN-GWTC5p0-59d160a18_25-GW240920_124024-gstlal_Skymap_SearchResultDataRelease.fits
GW240921_201835,GWTC-5.0-search,1410985133.7871065,2.3776702212227434,-0.1872909602004773,3545.176357371969,11.338536,18.257319,0.15208226155806495,,0.999999888,3.943284e-15,MBTA,SearchSummaryTable + Archived_SearchResults skymap,data/gwtc5_raw/selected_skymaps/IGWN-GWTC5p0-59d160a18_25-GW240921_201835-mbta_Skymap_SearchResultDataRelease.fits
GW240922_142106,GWTC-5.0-search,1411050084.3903136,5.405748296509,-0.3391464597063947,364.67308884425205,12.531701,10.057782,0.36127753828010406,,1.0,1.815691e-20,MBTA,SearchSummaryTable + Archived_SearchResults skymap,data/gwtc5_raw/selected_skymaps/IGWN-GWTC5p0-59d160a18_25-GW240922_142106-mbta_Skymap_SearchResultDataRelease.fits
GW240923_204006,GWTC-5.0-search,1411159224.1086295,4.2905442637161375,0.44126466658053287,1015.5453107055121,11.5465622131357,65.1791814374189,0.8821603563154775,,0.9999999847862778,7.632194719670137e-16,gstlal,SearchSummaryTable + Archived_SearchResults skymap,data/gwtc5_raw/selected_skymaps/IGWN-GWTC5p0-59d160a18_25-GW240923_204006-gstlal_Skymap_SearchResultDataRelease.fits
GW240924_000316,GWTC-5.0-search,1411171414.5448265,0.6275088418897138,-0.9417235081424788,1429.3170777946175,10.35325802447226,52.63207646576119,0.6314527326389343,,0.9999938755166342,6.200509983410572e-13,gstlal,SearchSummaryTable + Archived_SearchResults skymap,data/gwtc5_raw/selected_skymaps/IGWN-GWTC5p0-59d160a18_25-GW240924_000316-gstlal_Skymap_SearchResultDataRelease.fits
GW240925_005809,GWTC-5.0-search,1411261107.9795656,5.388107517448315,0.39037351301544043,97.81705155672023,30.6490391491389,7.410427797738633,0.3824114325539336,,0.9998785240552355,8.995043765410541e-48,gstlal,SearchSummaryTable + Archived_SearchResults skymap,data/gwtc5_raw/selected_skymaps/IGWN-GWTC5p0-59d160a18_25-GW240925_005809-gstlal_Skymap_SearchResultDataRelease.fits
GW240930_035959,GWTC-5.0-search,1411704017.9633203,5.881023597006195,0.7541187405338062,490.35731221462424,15.26380084976027,17.28865245928784,0.5123735325588215,,0.9999999999999702,7.046387779271903e-22,gstlal,SearchSummaryTable + Archived_SearchResults skymap,data/gwtc5_raw/selected_skymaps/IGWN-GWTC5p0-59d160a18_25-GW240930_035959-gstlal_Skymap_SearchResultDataRelease.fits
GW240930_234614,GWTC-5.0-search,1411775192.9162,2.024854640009046,-0.33983690945412204,639.5417576509091,11.25821122558997,42.014954,,,0.976,7.55557649e-09,CWB,SearchSummaryTable + Archived_SearchResults skymap,data/gwtc5_raw/selected_skymaps/IGWN-GWTC5p0-59d160a18_25-GW240930_234614-cwb_Skymap_SearchResultDataRelease.fits
GW241002_030559,GWTC-5.0-search,1411873577.668945,0.5409910426199206,-1.1106578388835247,2038.6442642179247,11.49632501318344,34.83357448660222,0.9590675372192018,,0.9999999999996796,7.487005415058863e-21,gstlal,SearchSummaryTable + Archived_SearchResults skymap,data/gwtc5_raw/selected_skymaps/IGWN-GWTC5p0-59d160a18_25-GW241002_030559-gstlal_Skymap_SearchResultDataRelease.fits
GW241006_015333,GWTC-5.0-search,1412214831.5017965,5.099930663261854,1.1425382785240064,356.28015239214034,16.46348706271295,27.07938175732777,0.811420326215584,,1.0,1.292690795221226e-42,gstlal,SearchSummaryTable + Archived_SearchResults skymap,data/gwtc5_raw/selected_skymaps/IGWN-GWTC5p0-59d160a18_25-GW241006_015333-gstlal_Skymap_SearchResultDataRelease.fits
GW241007_082943,GWTC-5.0-search,1412325001.1872,2.9911972605987924,-0.961814934597677,695.7744318800573,9.51417521385853,27.058121,,,0.9966,1.33816243e-09,CWB,SearchSummaryTable + Archived_SearchResults skymap,data/gwtc5_raw/selected_skymaps/IGWN-GWTC5p0-59d160a18_25-GW241007_082943-cwb_Skymap_SearchResultDataRelease.fits
GW241009_022835,GWTC-5.0-search,1412476133.68042,2.6813984172241008,-0.42691262282972775,3593.8553887942176,8.404325122600184,51.16419593060116,0.8662659154483279,,0.9917799432762026,3.086399198039126e-08,pycbc,SearchSummaryTable + Archived_SearchResults skymap,data/gwtc5_raw/selected_skymaps/IGWN-GWTC5p0-59d160a18_25-GW241009_022835-pycbc_Skymap_SearchResultDataRelease.fits
GW241009_084816,GWTC-5.0-search,1412498914.7988935,4.189608327873263,-1.0547799394395763,633.7716138400824,12.128463,10.700416,0.4609683678021817,,1.0,8.304697e-19,MBTA,SearchSummaryTable + Archived_SearchResults skymap,data/gwtc5_raw/selected_skymaps/IGWN-GWTC5p0-59d160a18_25-GW241009_084816-mbta_Skymap_SearchResultDataRelease.fits
GW241009_220455,GWTC-5.0-search,1412546713.5164309,6.177731044759488,1.1702412982454933,1023.5186003350182,9.996141,35.20874,0.6791790139447283,,0.991713485,7.205113e-10,MBTA,SearchSummaryTable + Archived_SearchResults skymap,data/gwtc5_raw/selected_skymaps/IGWN-GWTC5p0-59d160a18_25-GW241009_220455-mbta_Skymap_SearchResultDataRelease.fits
GW241011_233834,GWTC-5.0-search,1412725132.9559104,4.760709375203087,-0.005208356881134746,108.68852705484609,34.56219889658664,9.473563759151006,0.2000750707461389,,0.9999523188662898,7.777863054017149e-35,gstlal,SearchSummaryTable + Archived_SearchResults skymap,data/gwtc5_raw/selected_skymaps/IGWN-GWTC5p0-59d160a18_25-GW241011_233834-gstlal_Skymap_SearchResultDataRelease.fits
GW241101_220523,GWTC-5.0-search,1414533941.0662959,1.8223691760081417,-0.37598349350419635,9964.094155946974,10.61399466155574,31.55307545252933,0.4519956107405858,,0.999894413065814,1.733561849324785e-11,gstlal,SearchSummaryTable + Archived_SearchResults skymap,data/gwtc5_raw/selected_skymaps/IGWN-GWTC5p0-59d160a18_25-GW241101_220523-gstlal_Skymap_SearchResultDataRelease.fits
GW241102_124058,GWTC-5.0-search,1414586476.7879603,6.045418285057311,0.687705164560338,71.39241569577489,20.98953575381904,8.894966803098276,0.12900580510986379,,0.9995735791844731,6.076969952814358e-43,gstlal,SearchSummaryTable + Archived_SearchResults skymap,data/gwtc5_raw/selected_skymaps/IGWN-GWTC5p0-59d160a18_25-GW241102_124058-gstlal_Skymap_SearchResultDataRelease.fits
GW241102_144729,GWTC-5.0-search,1414594067.7369263,5.854501847476596,-1.1678001258327364,1150.0421173506018,11.93491667205617,52.85085995577398,0.8114202022959318,,0.9999999638046282,2.039916575281391e-15,gstlal,SearchSummaryTable + Archived_SearchResults skymap,data/gwtc5_raw/selected_skymaps/IGWN-GWTC5p0-59d160a18_25-GW241102_144729-gstlal_Skymap_SearchResultDataRelease.fits
GW241109_033317,GWTC-5.0-search,1415158415.9996088,0.34974761963792617,0.4908255829502808,9722.377586126158,10.93348501277046,46.62292898748619,0.8114202812128627,,0.9997427212902926,4.233996729622286e-11,gstlal,SearchSummaryTable + Archived_SearchResults skymap,data/gwtc5_raw/selected_skymaps/IGWN-GWTC5p0-59d160a18_25-GW241109_033317-gstlal_Skymap_SearchResultDataRelease.fits
GW241109_115924,GWTC-5.0-search,1415188782.9043186,5.626015415357232,-1.2569446776970552,10390.455327714248,11.82093079589262,6.037906247513664,0.1821183162648592,,0.9969339569857553,3.682662091546539e-12,gstlal,SearchSummaryTable + Archived_SearchResults skymap,data/gwtc5_raw/selected_skymaps/IGWN-GWTC5p0-59d160a18_25-GW241109_115924-gstlal_Skymap_SearchResultDataRelease.fits
GW241110_124123,GWTC-5.0-search,1415277701.668213,3.411573272257666,-0.6180255704158157,357.95873968256274,10.14583501717375,11.23934457334945,0.424718347238632,,0.9797514206722001,2.000768683266769e-11,pycbc,SearchSummaryTable + Archived_SearchResults skymap,data/gwtc5_raw/selected_skymaps/IGWN-GWTC5p0-59d160a18_25-GW241110_124123-pycbc_Skymap_SearchResultDataRelease.fits
GW241111_111552,GWTC-5.0-search,1415358970.571209,1.1152327351360856,0.7835648924024068,507.56283194145317,15.60146094329001,24.9339679069464,0.9590674974012372,,1.0,4.240348669908126e-31,gstlal,SearchSummaryTable + Archived_SearchResults skymap,data/gwtc5_raw/selected_skymaps/IGWN-GWTC5p0-59d160a18_25-GW241111_111552-gstlal_Skymap_SearchResultDataRelease.fits
GW241113_163507,GWTC-5.0-search,1415550925.4996042,4.442408361716817,0.18331666903519483,11983.43466632504,12.51234712359503,18.19693114444467,0.778206800307591,,0.9999998963714098,6.792002481744617e-15,gstlal,SearchSummaryTable + Archived_SearchResults skymap,data/gwtc5_raw/selected_skymaps/IGWN-GWTC5p0-59d160a18_25-GW241113_163507-gstlal_Skymap_SearchResultDataRelease.fits
GW241114_024711,GWTC-5.0-search,1415587649.7802413,5.272291967962948,0.023439646297802597,1305.52126512597,10.7283283862268,40.77756874833889,0.5342413439103619,,0.9999993395670225,5.54667236487477e-14,gstlal,SearchSummaryTable + Archived_SearchResults skymap,data/gwtc5_raw/selected_skymaps/IGWN-GWTC5p0-59d160a18_25-GW241114_024711-gstlal_Skymap_SearchResultDataRelease.fits
GW241114_235258,GWTC-5.0-search,1415663596.1477947,1.8499808301900833,-0.31782370392788084,10285.54362206285,12.43663145170481,9.39946376197063,0.6723061607271678,,0.9998966342728525,1.23524893739879e-13,gstlal,SearchSummaryTable + Archived_SearchResults skymap,data/gwtc5_raw/selected_skymaps/IGWN-GWTC5p0-59d160a18_25-GW241114_235258-gstlal_Skymap_SearchResultDataRelease.fits
GW241116_151753,GWTC-5.0-search,1415805491.6623535,5.991661971420708,-0.8231207105285558,4063.8598301124707,9.025770522553417,51.16419593060116,0.8662659154483279,,0.999653317418792,1.393427102348043e-10,pycbc,SearchSummaryTable + Archived_SearchResults skymap,data/gwtc5_raw/selected_skymaps/IGWN-GWTC5p0-59d160a18_25-GW241116_151753-pycbc_Skymap_SearchResultDataRelease.fits
GW241124_024914,GWTC-5.0-search,1416451772.3466797,3.4821363885004057,-0.45861687859923794,3720.588729221104,8.462072708181267,51.16419593060116,0.8662659154483279,,0.9412663869968476,2.480211522129784e-08,pycbc,SearchSummaryTable + Archived_SearchResults skymap,data/gwtc5_raw/selected_skymaps/IGWN-GWTC5p0-59d160a18_25-GW241124_024914-pycbc_Skymap_SearchResultDataRelease.fits
GW241125_010116,GWTC-5.0-search,1416531694.7814455,3.598318759478527,-0.975173929215754,2459.9696741139305,9.999712249303135,80.35532254504544,0.959067445417028,,0.9999966994304421,3.391834476806034e-13,gstlal,SearchSummaryTable + Archived_SearchResults skymap,data/gwtc5_raw/selected_skymaps/IGWN-GWTC5p0-59d160a18_25-GW241125_010116-gstlal_Skymap_SearchResultDataRelease.fits
GW241127_061008,GWTC-5.0-search,1416723026.233224,3.4157849118173047,-1.1637301502144641,115.19305280523265,29.83181320348428,42.40351535547827,0.4914007573302655,,1.0,3.202633013690135e-50,gstlal,SearchSummaryTable + Archived_SearchResults skymap,data/gwtc5_raw/selected_skymaps/IGWN-GWTC5p0-59d160a18_25-GW241127_061008-gstlal_Skymap_SearchResultDataRelease.fits
GW241129_021832,GWTC-5.0-search,1416881930.6191788,3.321772232251561,-1.2988567943841969,488.67872492420196,16.10699109474111,34.83357448660222,0.9590675372192018,,1.0,1.252765266145305e-40,gstlal,SearchSummaryTable + Archived_SearchResults skymap,data/gwtc5_raw/selected_skymaps/IGWN-GWTC5p0-59d160a18_25-GW241129_021832-gstlal_Skymap_SearchResultDataRelease.fits
GW241130_034908,GWTC-5.0-search,1416973766.6074421,4.0901904353555425,1.4479256183882903,559.17939112194,13.37194554110065,32.02910184520825,0.8821602043227099,,0.9999999999996578,7.978450941634167e-21,gstlal,SearchSummaryTable + Archived_SearchResults skymap,data/gwtc5_raw/selected_skymaps/IGWN-GWTC5p0-59d160a18_25-GW241130_034908-gstlal_Skymap_SearchResultDataRelease.fits
GW241130_110422,GWTC-5.0-search,1416999880.113166,4.881941437495305,-0.9165162612356506,1224.3196049517899,10.279949,9.195196,0.6135609085817608,,0.99970824,1.730125e-11,MBTA,SearchSummaryTable + Archived_SearchResults skymap,data/gwtc5_raw/selected_skymaps/IGWN-GWTC5p0-59d160a18_25-GW241130_110422-mbta_Skymap_SearchResultDataRelease.fits
GW241201_055758,GWTC-5.0-search,1417067896.6271422,4.201498912931981,-1.2407885874274203,3419.282310590295,8.72037348111464,73.88586708868455,0.8821603179328055,,0.9178418456086337,2.629615153834708e-08,gstlal,SearchSummaryTable + Archived_SearchResults skymap,data/gwtc5_raw/selected_skymaps/IGWN-GWTC5p0-59d160a18_25-GW241201_055758-gstlal_Skymap_SearchResultDataRelease.fits
GW241210_060606,GWTC-5.0-search,1417845984.847919,0.43748055592752605,1.2051669645856866,1173.3325160052116,12.40790819498632,30.72879514349738,0.9590674145412212,,0.9999999995295608,1.711891012571677e-17,gstlal,SearchSummaryTable + Archived_SearchResults skymap,data/gwtc5_raw/selected_skymaps/IGWN-GWTC5p0-59d160a18_25-GW241210_060606-gstlal_Skymap_SearchResultDataRelease.fits
GW241210_120900,GWTC-5.0-search,1417867758.6401362,0.0,-0.4041410658307163,3352.1388189734016,8.453168874530636,44.7457110157901,0.88216031388166,,0.9667549255192501,9.016396222203252e-09,gstlal,SearchSummaryTable + Archived_SearchResults skymap,data/gwtc5_raw/selected_skymaps/IGWN-GWTC5p0-59d160a18_25-GW241210_120900-gstlal_Skymap_SearchResultDataRelease.fits
GW241225_042553,GWTC-5.0-search,1419135971.2456858,1.4354901085462273,0.7419395556172255,3857.393593390524,16.46665233099227,9.87034662513617,0.3373482198945966,,0.9999696269236628,2.700262894104786e-15,gstlal,SearchSummaryTable + Archived_SearchResults skymap,data/gwtc5_raw/selected_skymaps/IGWN-GWTC5p0-59d160a18_25-GW241225_042553-gstlal_Skymap_SearchResultDataRelease.fits
GW241225_082815,GWTC-5.0-search,1419150513.6668556,5.677262895964757,-0.21786525307601745,1148.9930002940878,17.51740219026514,65.1791814374189,0.8821603563154775,,1.0,2.029750514806957e-30,gstlal,SearchSummaryTable + Archived_SearchResults skymap,data/gwtc5_raw/selected_skymaps/IGWN-GWTC5p0-59d160a18_25-GW241225_082815-gstlal_Skymap_SearchResultDataRelease.fits
GW241229_155844,GWTC-5.0-search,1419523142.7480469,4.4976316700806995,0.28509644025274605,5168.370267210366,7.936576940420644,62.61156809638599,0.9372414247752879,,0.9952386443347516,2.644010628270556e-09,pycbc,SearchSummaryTable + Archived_SearchResults skymap,data/gwtc5_raw/selected_skymaps/IGWN-GWTC5p0-59d160a18_25-GW241229_155844-pycbc_Skymap_SearchResultDataRelease.fits
GW241230_084504,GWTC-5.0-search,1419583522.5451941,2.362330413343887,0.5235987755982987,11585.60947849495,11.08187778995168,50.56468582785686,0.6865030975580024,,0.9999999811523547,1.002473244656632e-15,gstlal,SearchSummaryTable + Archived_SearchResults skymap,data/gwtc5_raw/selected_skymaps/IGWN-GWTC5p0-59d160a18_25-GW241230_084504-gstlal_Skymap_SearchResultDataRelease.fits
GW241230_233618,GWTC-5.0-search,1419636996.0666616,0.7133010663668231,0.3675980636032756,1404.1382684382825,10.42737295481488,64.73111072019022,0.5808168391674534,,0.9470982885108792,1.509174037312599e-08,gstlal,SearchSummaryTable + Archived_SearchResults skymap,data/gwtc5_raw/selected_skymaps/IGWN-GWTC5p0-59d160a18_25-GW241230_233618-gstlal_Skymap_SearchResultDataRelease.fits
GW241231_054133,GWTC-5.0-search,1419658911.6308684,1.1728786526483488,1.086053617735455,144.0437718593665,17.22009949047467,9.605409466629613,0.7009998557206752,,0.9999450777975651,4.631321414814025e-42,gstlal,SearchSummaryTable + Archived_SearchResults skymap,data/gwtc5_raw/selected_skymaps/IGWN-GWTC5p0-59d160a18_25-GW241231_054133-gstlal_Skymap_SearchResultDataRelease.fits
GW250101_011205,GWTC-5.0-search,1419729143.0425208,1.1075341288534328,0.3998963982267205,1218.6543728466145,9.650418670715833,29.36882012981698,0.6865031525397937,,0.9971570652952547,6.276924634405198e-10,gstlal,SearchSummaryTable + Archived_SearchResults skymap,data/gwtc5_raw/selected_skymaps/IGWN-GWTC5p0-59d160a18_25-GW250101_011205-gstlal_Skymap_SearchResultDataRelease.fits
GW250104_015122,GWTC-5.0-search,1419990700.3322093,1.184380430403352,0.7506422699845942,1668.0961198571943,11.2880577436922,65.1791814374189,0.8821603563154775,,0.9999986524057654,1.185160435507466e-13,gstlal,SearchSummaryTable + Archived_SearchResults skymap,data/gwtc5_raw/selected_skymaps/IGWN-GWTC5p0-59d160a18_25-GW250104_015122-gstlal_Skymap_SearchResultDataRelease.fits
GW250108_152221,GWTC-5.0-search,1420384959.709106,6.209554229361076,-1.1073814549606387,1084.157566201525,11.18482697811833,43.42835135719233,0.3235397056898538,,0.9999635472345969,4.778376728992819e-12,gstlal,SearchSummaryTable + Archived_SearchResults skymap,data/gwtc5_raw/selected_skymaps/IGWN-GWTC5p0-59d160a18_25-GW250108_152221-gstlal_Skymap_SearchResultDataRelease.fits
GW250109_010541,GWTC-5.0-search,1420419959.4809616,0.901980703276757,0.5708703387884199,714.2388920747031,11.96059891537138,42.92914027567986,0.9590675065095704,,0.9999999999979072,4.711331494787225e-20,gstlal,SearchSummaryTable + Archived_SearchResults skymap,data/gwtc5_raw/selected_skymaps/IGWN-GWTC5p0-59d160a18_25-GW250109_010541-gstlal_Skymap_SearchResultDataRelease.fits
GW250109_074552,GWTC-5.0-search,1420443970.3795004,5.730952223540755,-0.4615232462470016,10293.097264869753,10.72356352142763,24.38607841063257,0.3824114230774014,,0.9528262272070107,1.321841114917377e-08,gstlal,SearchSummaryTable + Archived_SearchResults skymap,data/gwtc5_raw/selected_skymaps/IGWN-GWTC5p0-59d160a18_25-GW250109_074552-gstlal_Skymap_SearchResultDataRelease.fits
GW250114_082203,GWTC-5.0-search,1420878141.2226112,2.880048929255291,0.7141136954006557,52.82304379547783,76.60770771618726,30.72879514349738,0.9590674145412212,,1.0,2.123530276409839e-61,gstlal,SearchSummaryTable + Archived_SearchResults skymap,data/gwtc5_raw/selected_skymaps/IGWN-GWTC5p0-59d160a18_25-GW250114_082203-gstlal_Skymap_SearchResultDataRelease.fits
GW250116_015318,GWTC-5.0-search,1421027616.3762207,3.5342917352885173,-0.8333886236460737,3244.7092323863717,7.84317182185019,45.67228030559264,0.7111174369287047,,0.9915450751998146,3.793300559663362e-09,pycbc,SearchSummaryTable + Archived_SearchResults skymap,data/gwtc5_raw/selected_skymaps/IGWN-GWTC5p0-59d160a18_25-GW250116_015318-pycbc_Skymap_SearchResultDataRelease.fits
GW250118_023225,GWTC-5.0-search,1421202763.9430618,1.3469045426589723,0.8504568314596781,2509.487999181389,8.955949877690385,62.51123538684502,0.8821603108406277,,0.9993815851815989,1.113837545884751e-10,gstlal,SearchSummaryTable + Archived_SearchResults skymap,data/gwtc5_raw/selected_skymaps/IGWN-GWTC5p0-59d160a18_25-GW250118_023225-gstlal_Skymap_SearchResultDataRelease.fits
GW250118_055802,GWTC-5.0-search,1421215100.472037,1.9542915237663068,0.11876861113059878,1218.4445494353115,10.184552,8.896491,0.1062411236507265,,0.997310191,2.826985e-10,MBTA,SearchSummaryTable + Archived_SearchResults skymap,data/gwtc5_raw/selected_skymaps/IGWN-GWTC5p0-59d160a18_25-GW250118_055802-mbta_Skymap_SearchResultDataRelease.fits
GW250118_170523,GWTC-5.0-search,1421255141.2159033,0.11965050145508001,0.20987059226273774,1354.6199433708236,13.32890010656791,39.44538758406022,0.8114202544679152,,1.0,2.782647561247103e-25,gstlal,SearchSummaryTable + Archived_SearchResults skymap,data/gwtc5_raw/selected_skymaps/IGWN-GWTC5p0-59d160a18_25-GW250118_170523-gstlal_Skymap_SearchResultDataRelease.fits
GW250119_025138,GWTC-5.0-search,1421290316.7768092,4.01630030713946,-1.0893384211852286,722.6318285268147,14.10692886111161,36.19433779401264,0.6865030918375912,,1.0,5.515163068683052e-28,gstlal,SearchSummaryTable + Archived_SearchResults skymap,data/gwtc5_raw/selected_skymaps/IGWN-GWTC5p0-59d160a18_25-GW250119_025138-gstlal_Skymap_SearchResultDataRelease.fits
GW250119_190238,GWTC-5.0-search,1421348576.3169985,0.23009711818284617,0.4750206048593646,11.238666467905782,20.06167699824198,10.0581781959607,0.19188549430213145,,0.9999986699446324,1.409145135673982e-35,gstlal,SearchSummaryTable + Archived_SearchResults skymap,data/gwtc5_raw/selected_skymaps/IGWN-GWTC5p0-59d160a18_25-GW250119_190238-gstlal_Skymap_SearchResultDataRelease.fits
