detector,data_mode,family,seed,target_lensed_event_fraction,val_auc_sampled,full_waveform_r@1,full_waveform_r@5,full_waveform_r@10,test_pair_count,test_unlensed_count,test_catalog_size,test_lensed_event_fraction,sub_waveform_r@1,sub_waveform_r@5,sub_waveform_r@10,sub_waveform_r@50,sub_waveform_median_rank,valid,rerank_r@1,rerank_r@5,rerank_r@10,rerank_r@50,rerank_median_rank
ET,pure,SIS,0,0.1,0.9999997459718393,0.9416666666666667,0.9806666666666667,0.9873333333333333,83,1500,1666,0.09963985594237695,0.9518072289156626,0.9759036144578314,0.9759036144578314,0.9759036144578314,1.0,166,0.9819277108433735,1.0,1.0,1.0,1.0
ET,pure,SIS,1,0.1,0.9999997822615765,0.9416666666666667,0.9806666666666667,0.9873333333333333,83,1500,1666,0.09963985594237695,0.9518072289156626,1.0,1.0,1.0,1.0,166,1.0,1.0,1.0,1.0,1.0
ET,pure,SIS,2,0.1,1.0,0.9416666666666667,0.9806666666666667,0.9873333333333333,83,1500,1666,0.09963985594237695,0.927710843373494,0.9819277108433735,0.9879518072289156,1.0,1.0,166,0.9578313253012049,0.9879518072289156,0.9879518072289156,0.9879518072289156,1.0
ET,pure,SIS,3,0.1,1.0000000000000002,0.9416666666666667,0.9806666666666667,0.9873333333333333,83,1500,1666,0.09963985594237695,0.9457831325301205,0.9759036144578314,0.9819277108433735,0.9879518072289156,1.0,166,0.9759036144578314,0.9819277108433735,0.9879518072289156,0.9879518072289156,1.0
ET,pure,SIS,4,0.1,1.0,0.9416666666666667,0.9806666666666667,0.9873333333333333,83,1500,1666,0.09963985594237695,0.9036144578313253,0.9698795180722891,0.9759036144578314,0.9879518072289156,1.0,166,0.9578313253012049,0.9759036144578314,0.9759036144578314,0.9759036144578314,1.0
ET,pure,SIS,5,0.1,0.9999999999999999,0.9416666666666667,0.9806666666666667,0.9873333333333333,83,1500,1666,0.09963985594237695,0.963855421686747,1.0,1.0,1.0,1.0,166,0.9939759036144579,1.0,1.0,1.0,1.0
ET,pure,SIS,6,0.1,1.0,0.9416666666666667,0.9806666666666667,0.9873333333333333,83,1500,1666,0.09963985594237695,0.9819277108433735,1.0,1.0,1.0,1.0,166,0.9879518072289156,0.9879518072289156,0.9879518072289156,1.0,1.0
ET,pure,SIS,7,0.1,0.9999999999999999,0.9416666666666667,0.9806666666666667,0.9873333333333333,83,1500,1666,0.09963985594237695,0.9578313253012049,0.9759036144578314,0.9759036144578314,0.9879518072289156,1.0,166,0.9939759036144579,1.0,1.0,1.0,1.0
ET,pure,SIS,8,0.1,1.0,0.9416666666666667,0.9806666666666667,0.9873333333333333,83,1500,1666,0.09963985594237695,0.9216867469879518,0.9879518072289156,0.9939759036144579,1.0,1.0,166,0.9879518072289156,0.9939759036144579,1.0,1.0,1.0
ET,pure,SIS,9,0.1,1.0,0.9416666666666667,0.9806666666666667,0.9873333333333333,83,1500,1666,0.09963985594237695,0.9879518072289156,0.9879518072289156,0.9939759036144579,1.0,1.0,166,1.0,1.0,1.0,1.0,1.0
ET,pure,PM,0,0.1,1.0,0.9356666666666666,0.974,0.98,83,1500,1666,0.09963985594237695,0.9457831325301205,0.9819277108433735,0.9879518072289156,1.0,1.0,166,1.0,1.0,1.0,1.0,1.0
ET,pure,PM,1,0.1,1.0,0.9356666666666666,0.974,0.98,83,1500,1666,0.09963985594237695,0.963855421686747,1.0,1.0,1.0,1.0,166,1.0,1.0,1.0,1.0,1.0
ET,pure,PM,2,0.1,1.0,0.9356666666666666,0.974,0.98,83,1500,1666,0.09963985594237695,0.9879518072289156,0.9879518072289156,0.9879518072289156,1.0,1.0,166,1.0,1.0,1.0,1.0,1.0
ET,pure,PM,3,0.1,1.0,0.9356666666666666,0.974,0.98,83,1500,1666,0.09963985594237695,0.9216867469879518,0.9879518072289156,0.9879518072289156,0.9879518072289156,1.0,166,0.9939759036144579,1.0,1.0,1.0,1.0
ET,pure,PM,4,0.1,1.0,0.9356666666666666,0.974,0.98,83,1500,1666,0.09963985594237695,0.9578313253012049,0.9698795180722891,0.9759036144578314,0.9939759036144579,1.0,166,1.0,1.0,1.0,1.0,1.0
ET,pure,PM,5,0.1,1.0,0.9356666666666666,0.974,0.98,83,1500,1666,0.09963985594237695,0.9578313253012049,0.9939759036144579,1.0,1.0,1.0,166,1.0,1.0,1.0,1.0,1.0
ET,pure,PM,6,0.1,0.9999999999999999,0.9356666666666666,0.974,0.98,83,1500,1666,0.09963985594237695,0.9397590361445783,0.9759036144578314,0.9819277108433735,1.0,1.0,166,1.0,1.0,1.0,1.0,1.0
ET,pure,PM,7,0.1,1.0,0.9356666666666666,0.974,0.98,83,1500,1666,0.09963985594237695,0.9156626506024096,0.963855421686747,0.9759036144578314,0.9939759036144579,1.0,166,1.0,1.0,1.0,1.0,1.0
ET,pure,PM,8,0.1,1.0,0.9356666666666666,0.974,0.98,83,1500,1666,0.09963985594237695,0.927710843373494,0.9879518072289156,0.9939759036144579,1.0,1.0,166,1.0,1.0,1.0,1.0,1.0
ET,pure,PM,9,0.1,1.0,0.9356666666666666,0.974,0.98,83,1500,1666,0.09963985594237695,0.9578313253012049,0.9759036144578314,0.9879518072289156,1.0,1.0,166,1.0,1.0,1.0,1.0,1.0
ET,noisy,SIS,0,0.1,0.9999964436057482,0.407,0.5913333333333334,0.6576666666666666,83,1500,1666,0.09963985594237695,0.5060240963855421,0.6686746987951807,0.7108433734939759,0.8674698795180723,1.0,166,0.8855421686746988,1.0,1.0,1.0,1.0
ET,noisy,SIS,1,0.1,0.9999999274205255,0.407,0.5913333333333334,0.6576666666666666,83,1500,1666,0.09963985594237695,0.4939759036144578,0.6807228915662651,0.7530120481927711,0.8493975903614458,2.0,166,0.8734939759036144,0.9457831325301205,0.963855421686747,0.9698795180722891,1.0
ET,noisy,SIS,2,0.1,0.9999875889098563,0.407,0.5913333333333334,0.6576666666666666,83,1500,1666,0.09963985594237695,0.45180722891566266,0.5903614457831325,0.6506024096385542,0.8012048192771084,2.0,166,0.8674698795180723,0.9518072289156626,0.963855421686747,0.963855421686747,1.0
ET,noisy,SIS,3,0.1,1.0,0.407,0.5913333333333334,0.6576666666666666,83,1500,1666,0.09963985594237695,0.4457831325301205,0.6385542168674698,0.7048192771084337,0.8313253012048193,2.0,166,0.8373493975903614,0.927710843373494,0.9397590361445783,0.9698795180722891,1.0
ET,noisy,SIS,4,0.1,0.9999862824793148,0.407,0.5913333333333334,0.6576666666666666,83,1500,1666,0.09963985594237695,0.43373493975903615,0.572289156626506,0.6746987951807228,0.8132530120481928,3.0,166,0.8253012048192772,0.9096385542168675,0.963855421686747,0.9759036144578314,1.0
ET,noisy,SIS,5,0.1,0.9999742342865436,0.407,0.5913333333333334,0.6576666666666666,83,1500,1666,0.09963985594237695,0.5602409638554217,0.7409638554216867,0.8192771084337349,0.8734939759036144,1.0,166,0.8795180722891566,0.9578313253012049,0.9698795180722891,0.9939759036144579,1.0
ET,noisy,SIS,6,0.1,0.9999923428654377,0.407,0.5913333333333334,0.6576666666666666,83,1500,1666,0.09963985594237695,0.5783132530120482,0.7409638554216867,0.7831325301204819,0.8855421686746988,1.0,166,0.9337349397590361,0.963855421686747,0.963855421686747,0.9759036144578314,1.0
ET,noisy,SIS,7,0.1,0.999994338800987,0.407,0.5913333333333334,0.6576666666666666,83,1500,1666,0.09963985594237695,0.5662650602409639,0.6746987951807228,0.7228915662650602,0.8493975903614458,1.0,166,0.8614457831325302,0.963855421686747,0.963855421686747,0.963855421686747,1.0
ET,noisy,SIS,8,0.1,0.9999618231964001,0.407,0.5913333333333334,0.6576666666666666,83,1500,1666,0.09963985594237695,0.5060240963855421,0.6566265060240963,0.7108433734939759,0.8253012048192772,1.0,166,0.8072289156626506,0.9337349397590361,0.963855421686747,0.9759036144578314,1.0
ET,noisy,SIS,9,0.1,0.9999910364348962,0.407,0.5913333333333334,0.6576666666666666,83,1500,1666,0.09963985594237695,0.5180722891566265,0.6746987951807228,0.7530120481927711,0.8493975903614458,1.0,166,0.8734939759036144,0.927710843373494,0.9457831325301205,0.9698795180722891,1.0
ET,noisy,PM,0,0.1,0.9999999637102627,0.304,0.463,0.5406666666666666,83,1500,1666,0.09963985594237695,0.3614457831325301,0.5120481927710844,0.5903614457831325,0.8012048192771084,5.0,166,0.9819277108433735,1.0,1.0,1.0,1.0
ET,noisy,PM,1,0.1,1.0,0.304,0.463,0.5406666666666666,83,1500,1666,0.09963985594237695,0.3072289156626506,0.4939759036144578,0.572289156626506,0.7831325301204819,6.0,166,1.0,1.0,1.0,1.0,1.0
ET,noisy,PM,2,0.1,1.0,0.304,0.463,0.5406666666666666,83,1500,1666,0.09963985594237695,0.3493975903614458,0.5783132530120482,0.6626506024096386,0.7771084337349398,3.0,166,1.0,1.0,1.0,1.0,1.0
ET,noisy,PM,3,0.1,1.0,0.304,0.463,0.5406666666666666,83,1500,1666,0.09963985594237695,0.3493975903614458,0.536144578313253,0.6024096385542169,0.7590361445783133,3.0,166,0.9819277108433735,1.0,1.0,1.0,1.0
ET,noisy,PM,4,0.1,1.0,0.304,0.463,0.5406666666666666,83,1500,1666,0.09963985594237695,0.3493975903614458,0.5240963855421686,0.6385542168674698,0.8012048192771084,5.0,166,1.0,1.0,1.0,1.0,1.0
ET,noisy,PM,5,0.1,1.0,0.304,0.463,0.5406666666666666,83,1500,1666,0.09963985594237695,0.4397590361445783,0.6746987951807228,0.7289156626506024,0.7951807228915663,2.0,166,1.0,1.0,1.0,1.0,1.0
ET,noisy,PM,6,0.1,1.0,0.304,0.463,0.5406666666666666,83,1500,1666,0.09963985594237695,0.3132530120481928,0.4879518072289157,0.608433734939759,0.7349397590361446,6.0,166,0.9879518072289156,1.0,1.0,1.0,1.0
ET,noisy,PM,7,0.1,0.9999981855131368,0.304,0.463,0.5406666666666666,83,1500,1666,0.09963985594237695,0.41566265060240964,0.5481927710843374,0.6566265060240963,0.7530120481927711,3.5,166,0.9939759036144579,1.0,1.0,1.0,1.0
ET,noisy,PM,8,0.1,1.0,0.304,0.463,0.5406666666666666,83,1500,1666,0.09963985594237695,0.45180722891566266,0.572289156626506,0.6506024096385542,0.8132530120481928,2.0,166,1.0,1.0,1.0,1.0,1.0
ET,noisy,PM,9,0.1,1.0,0.304,0.463,0.5406666666666666,83,1500,1666,0.09963985594237695,0.3493975903614458,0.4397590361445783,0.5,0.6807228915662651,10.5,166,0.9939759036144579,1.0,1.0,1.0,1.0
LIGO,pure,SIS,0,0.1,0.9999999999999999,0.9543333333333334,0.9833333333333333,0.9886666666666667,83,1500,1666,0.09963985594237695,0.9518072289156626,0.9819277108433735,0.9879518072289156,1.0,1.0,166,0.9939759036144579,1.0,1.0,1.0,1.0
LIGO,pure,SIS,1,0.1,1.0,0.9543333333333334,0.9833333333333333,0.9886666666666667,83,1500,1666,0.09963985594237695,0.9939759036144579,1.0,1.0,1.0,1.0,166,0.9939759036144579,1.0,1.0,1.0,1.0
LIGO,pure,SIS,2,0.1,0.9969842865437654,0.9543333333333334,0.9833333333333333,0.9886666666666667,83,1500,1666,0.09963985594237695,0.9518072289156626,0.9819277108433735,0.9879518072289156,0.9879518072289156,1.0,166,0.9759036144578314,1.0,1.0,1.0,1.0
LIGO,pure,SIS,3,0.1,1.0,0.9543333333333334,0.9833333333333333,0.9886666666666667,83,1500,1666,0.09963985594237695,0.9518072289156626,0.9698795180722891,0.9879518072289156,1.0,1.0,166,0.9879518072289156,0.9939759036144579,0.9939759036144579,1.0,1.0
LIGO,pure,SIS,4,0.1,1.0,0.9543333333333334,0.9833333333333333,0.9886666666666667,83,1500,1666,0.09963985594237695,0.9698795180722891,1.0,1.0,1.0,1.0,166,0.9819277108433735,1.0,1.0,1.0,1.0
LIGO,pure,SIS,5,0.1,1.0,0.9543333333333334,0.9833333333333333,0.9886666666666667,83,1500,1666,0.09963985594237695,0.963855421686747,1.0,1.0,1.0,1.0,166,0.9939759036144579,1.0,1.0,1.0,1.0
LIGO,pure,SIS,6,0.1,1.0000000000000002,0.9543333333333334,0.9833333333333333,0.9886666666666667,83,1500,1666,0.09963985594237695,0.9819277108433735,0.9939759036144579,1.0,1.0,1.0,166,0.9819277108433735,0.9879518072289156,0.9879518072289156,0.9879518072289156,1.0
LIGO,pure,SIS,7,0.1,1.0,0.9543333333333334,0.9833333333333333,0.9886666666666667,83,1500,1666,0.09963985594237695,0.9698795180722891,0.9879518072289156,0.9879518072289156,1.0,1.0,166,0.9879518072289156,1.0,1.0,1.0,1.0
LIGO,pure,SIS,8,0.1,1.0,0.9543333333333334,0.9833333333333333,0.9886666666666667,83,1500,1666,0.09963985594237695,0.9518072289156626,1.0,1.0,1.0,1.0,166,1.0,1.0,1.0,1.0,1.0
LIGO,pure,SIS,9,0.1,1.0,0.9543333333333334,0.9833333333333333,0.9886666666666667,83,1500,1666,0.09963985594237695,0.9518072289156626,0.963855421686747,0.9759036144578314,1.0,1.0,166,0.9819277108433735,0.9939759036144579,0.9939759036144579,0.9939759036144579,1.0
LIGO,pure,PM,0,0.1,0.9999999999999999,0.9546666666666667,0.9843333333333333,0.9883333333333333,83,1500,1666,0.09963985594237695,0.9518072289156626,0.9759036144578314,0.9759036144578314,0.9879518072289156,1.0,166,1.0,1.0,1.0,1.0,1.0
LIGO,pure,PM,1,0.1,1.0,0.9546666666666667,0.9843333333333333,0.9883333333333333,83,1500,1666,0.09963985594237695,0.9819277108433735,1.0,1.0,1.0,1.0,166,1.0,1.0,1.0,1.0,1.0
LIGO,pure,PM,2,0.1,1.0,0.9546666666666667,0.9843333333333333,0.9883333333333333,83,1500,1666,0.09963985594237695,0.9759036144578314,0.9879518072289156,0.9879518072289156,0.9879518072289156,1.0,166,1.0,1.0,1.0,1.0,1.0
LIGO,pure,PM,3,0.1,1.0,0.9546666666666667,0.9843333333333333,0.9883333333333333,83,1500,1666,0.09963985594237695,0.9879518072289156,1.0,1.0,1.0,1.0,166,1.0,1.0,1.0,1.0,1.0
LIGO,pure,PM,4,0.1,1.0,0.9546666666666667,0.9843333333333333,0.9883333333333333,83,1500,1666,0.09963985594237695,0.9759036144578314,0.9939759036144579,0.9939759036144579,1.0,1.0,166,1.0,1.0,1.0,1.0,1.0
LIGO,pure,PM,5,0.1,1.0,0.9546666666666667,0.9843333333333333,0.9883333333333333,83,1500,1666,0.09963985594237695,0.9457831325301205,0.9698795180722891,0.9819277108433735,1.0,1.0,166,1.0,1.0,1.0,1.0,1.0
LIGO,pure,PM,6,0.1,1.0,0.9546666666666667,0.9843333333333333,0.9883333333333333,83,1500,1666,0.09963985594237695,0.9819277108433735,1.0,1.0,1.0,1.0,166,1.0,1.0,1.0,1.0,1.0
LIGO,pure,PM,7,0.1,1.0,0.9546666666666667,0.9843333333333333,0.9883333333333333,83,1500,1666,0.09963985594237695,0.9457831325301205,0.9698795180722891,0.9879518072289156,1.0,1.0,166,1.0,1.0,1.0,1.0,1.0
LIGO,pure,PM,8,0.1,1.0,0.9546666666666667,0.9843333333333333,0.9883333333333333,83,1500,1666,0.09963985594237695,0.9819277108433735,0.9879518072289156,0.9939759036144579,1.0,1.0,166,0.9939759036144579,1.0,1.0,1.0,1.0
LIGO,pure,PM,9,0.1,1.0,0.9546666666666667,0.9843333333333333,0.9883333333333333,83,1500,1666,0.09963985594237695,0.9578313253012049,0.9939759036144579,1.0,1.0,1.0,166,1.0,1.0,1.0,1.0,1.0
LIGO,noisy,SIS,0,0.1,0.9999828712440122,0.010333333333333333,0.024333333333333332,0.04,83,1500,1666,0.09963985594237695,0.04819277108433735,0.0963855421686747,0.0963855421686747,0.1566265060240964,497.0,166,0.4939759036144578,0.8614457831325302,0.9457831325301205,0.9819277108433735,2.0
LIGO,noisy,SIS,1,0.1,0.9998697561329656,0.010333333333333333,0.024333333333333332,0.04,83,1500,1666,0.09963985594237695,0.05421686746987952,0.0963855421686747,0.10843373493975904,0.1566265060240964,537.0,166,0.4397590361445783,0.8192771084337349,0.9096385542168675,0.9759036144578314,2.0
LIGO,noisy,SIS,2,0.1,0.9998144505733779,0.010333333333333333,0.024333333333333332,0.04,83,1500,1666,0.09963985594237695,0.0783132530120482,0.10240963855421686,0.1144578313253012,0.18072289156626506,425.5,166,0.4939759036144578,0.8012048192771084,0.9216867469879518,0.9879518072289156,2.0
LIGO,noisy,SIS,3,0.1,0.9998566555378139,0.010333333333333333,0.024333333333333332,0.04,83,1500,1666,0.09963985594237695,0.030120481927710843,0.0783132530120482,0.1144578313253012,0.20481927710843373,520.0,166,0.5180722891566265,0.8554216867469879,0.9156626506024096,0.9457831325301205,1.0
LIGO,noisy,SIS,4,0.1,0.9994396138771955,0.010333333333333333,0.024333333333333332,0.04,83,1500,1666,0.09963985594237695,0.024096385542168676,0.024096385542168676,0.03614457831325301,0.14457831325301204,572.0,166,0.6506024096385542,0.8373493975903614,0.9096385542168675,0.9518072289156626,1.0
LIGO,noisy,SIS,5,0.1,0.9998925823777035,0.010333333333333333,0.024333333333333332,0.04,83,1500,1666,0.09963985594237695,0.03614457831325301,0.06626506024096386,0.09036144578313253,0.15060240963855423,526.5,166,0.4397590361445783,0.8012048192771084,0.9216867469879518,0.9698795180722891,2.0
LIGO,noisy,SIS,6,0.1,0.9998100958049065,0.010333333333333333,0.024333333333333332,0.04,83,1500,1666,0.09963985594237695,0.03614457831325301,0.0963855421686747,0.13253012048192772,0.2289156626506024,518.0,166,0.4939759036144578,0.8614457831325302,0.9698795180722891,0.9759036144578314,2.0
LIGO,noisy,SIS,7,0.1,0.9997964145739584,0.010333333333333333,0.024333333333333332,0.04,83,1500,1666,0.09963985594237695,0.04216867469879518,0.0963855421686747,0.13253012048192772,0.24096385542168675,412.0,166,0.4879518072289157,0.8554216867469879,0.9337349397590361,0.9397590361445783,2.0
LIGO,noisy,SIS,8,0.1,0.9935767165045726,0.010333333333333333,0.024333333333333332,0.04,83,1500,1666,0.09963985594237695,0.05421686746987952,0.12650602409638553,0.15060240963855423,0.21686746987951808,440.0,166,0.4759036144578313,0.8373493975903614,0.9036144578313253,0.9578313253012049,2.0
LIGO,noisy,SIS,9,0.1,0.9996923718972274,0.010333333333333333,0.024333333333333332,0.04,83,1500,1666,0.09963985594237695,0.03614457831325301,0.10240963855421686,0.12048192771084337,0.18072289156626506,576.0,166,0.5,0.8493975903614458,0.9578313253012049,0.9819277108433735,1.5
LIGO,noisy,PM,0,0.1,0.9999999999999999,0.006666666666666667,0.017,0.028333333333333332,83,1500,1666,0.09963985594237695,0.024096385542168676,0.05421686746987952,0.09036144578313253,0.1566265060240964,508.0,166,0.9939759036144579,1.0,1.0,1.0,1.0
LIGO,noisy,PM,1,0.1,1.0,0.006666666666666667,0.017,0.028333333333333332,83,1500,1666,0.09963985594237695,0.024096385542168676,0.04819277108433735,0.060240963855421686,0.09036144578313253,740.5,166,0.9578313253012049,0.9939759036144579,0.9939759036144579,0.9939759036144579,1.0
LIGO,noisy,PM,2,0.1,0.9999999999999999,0.006666666666666667,0.017,0.028333333333333332,83,1500,1666,0.09963985594237695,0.018072289156626505,0.0783132530120482,0.10843373493975904,0.20481927710843373,393.0,166,0.9819277108433735,1.0,1.0,1.0,1.0
LIGO,noisy,PM,3,0.1,0.9999934678472927,0.006666666666666667,0.017,0.028333333333333332,83,1500,1666,0.09963985594237695,0.024096385542168676,0.04819277108433735,0.0963855421686747,0.1746987951807229,541.5,166,0.9578313253012049,1.0,1.0,1.0,1.0
LIGO,noisy,PM,4,0.1,1.0,0.006666666666666667,0.017,0.028333333333333332,83,1500,1666,0.09963985594237695,0.0,0.04819277108433735,0.06626506024096386,0.14457831325301204,664.0,166,0.9457831325301205,0.9939759036144579,0.9939759036144579,0.9939759036144579,1.0
LIGO,noisy,PM,5,0.1,1.0,0.006666666666666667,0.017,0.028333333333333332,83,1500,1666,0.09963985594237695,0.012048192771084338,0.04216867469879518,0.060240963855421686,0.14457831325301204,529.0,166,0.9578313253012049,1.0,1.0,1.0,1.0
LIGO,noisy,PM,6,0.1,1.0,0.006666666666666667,0.017,0.028333333333333332,83,1500,1666,0.09963985594237695,0.024096385542168676,0.04819277108433735,0.06626506024096386,0.0963855421686747,677.0,166,0.9698795180722891,1.0,1.0,1.0,1.0
LIGO,noisy,PM,7,0.1,1.0,0.006666666666666667,0.017,0.028333333333333332,83,1500,1666,0.09963985594237695,0.030120481927710843,0.09036144578313253,0.1144578313253012,0.18674698795180722,446.0,166,0.9879518072289156,1.0,1.0,1.0,1.0
LIGO,noisy,PM,8,0.1,0.9999999999999999,0.006666666666666667,0.017,0.028333333333333332,83,1500,1666,0.09963985594237695,0.012048192771084338,0.07228915662650602,0.10843373493975904,0.2289156626506024,338.5,166,0.9939759036144579,1.0,1.0,1.0,1.0
LIGO,noisy,PM,9,0.1,0.9999972419799681,0.006666666666666667,0.017,0.028333333333333332,83,1500,1666,0.09963985594237695,0.03614457831325301,0.09036144578313253,0.1144578313253012,0.1746987951807229,635.0,166,1.0,1.0,1.0,1.0,1.0
